title,pfm,ft,to,dur,image
徳光和夫　とくモリ！歌謡サタデー,徳光和夫、石川みゆき、ゲスト：横浜銀蠅40th（翔さん・Johnnyさん）◇徳さん10万馬券的中！ワイドも当てさらに上乗せ～今週全額をおひとりにドーーーンとプレゼントします,20200118050000,20200118074000,9600,https://radiko.jp/res/program/DEFAULT_IMAGE/LFR/o700d5xfvj.png
おしゃべりラボ～しあわせSocial Design～,中村陽一（立教大学社会デザイン研究所 所長）、残間里江子（プロデューサー）,20200118074000,20200118080000,1200,https://radiko.jp/res/program/DEFAULT_IMAGE/LFR/e2rsvd62nn.png
Music Machine GO! GO!☆,小林克也,20200118080000,20200118083000,1800,https://radiko.jp/res/program/DEFAULT_IMAGE/LFR/nc4c54o1h8.png
LOVE & MELODY,潮田玲子／とに～（アートテラー）,20200118083000,20200118105000,8400,https://radiko.jp/res/program/DEFAULT_IMAGE/LFR/ly5xsvcv24.png
キャイーンの家電ソムリエ,キャイーン,20200118105000,20200118110000,600,https://radiko.jp/res/program/DEFAULT_IMAGE/LFR/vz07dtgfls.png
ゴッドアフタヌーンアッコのいいかげんに1000回,和田アキ子、垣花正,20200118110000,20200118130000,7200,https://radiko.jp/res/program/DEFAULT_IMAGE/LFR/n5vntfprtn.png
サタデーミュージックバトル 天野ひろゆき ルート930 Part1,天野ひろゆき,20200118130000,20200118150000,7200,https://radiko.jp/res/program/DEFAULT_IMAGE/LFR/tfzi38m1wd.png
サタデーミュージックバトル 天野ひろゆき ルート930 Part2,天野ひろゆき,20200118150000,20200118163000,5400,https://radiko.jp/res/program/DEFAULT_IMAGE/LFR/tfzi38m1wd.png
渡邉美樹 5年後の夢を語ろう！,渡邉美樹,20200118163000,20200118170000,1800,https://radiko.jp/res/program/DEFAULT_IMAGE/LFR/k7105no9cq.png
さまぁ～ず三村マサカズと小島瑠璃子の「みむこじラジオ！」,さまぁ～ず三村マサカズ、小島瑠璃子,20200118170000,20200118173000,1800,https://radiko.jp/res/program/DEFAULT_IMAGE/LFR/hf9b876pt2.png
有楽町930ステーション,"",20200118173000,20200118174000,600,https://radiko.jp/res/program/DEFAULT_IMAGE/LFR/wo7fpt57u7.png
NOKKOのオカエリ ただいま。,NOKKO,20200118174000,20200118180000,1200,https://radiko.jp/res/program/DEFAULT_IMAGE/LFR/gvls0xamxs.png
やじうまサタデー よっ！たかしま屋！,高嶋ひでたけ,20200118180000,20200118190000,3600,https://radiko.jp/res/program/DEFAULT_IMAGE/LFR/blpjaptre9.png
Kis-My-Ft2のオールナイトニッポンPremium,Kis-My-Ft2,20200118190000,20200118210000,7200,https://radiko.jp/res/program/DEFAULT_IMAGE/LFR/ysu61fu8wq.png
KEN RADIO,　,20200118210000,20200118213000,1800,https://radiko.jp/res/program/DEFAULT_IMAGE/LFR/41wkhx7wgq.png
山崎育三郎のI AM 1936,山崎育三郎,20200118213000,20200118220000,1800,https://radiko.jp/res/program/DEFAULT_IMAGE/LFR/ncwkve5bd3.png
鈴木亮平 Going Up,鈴木亮平,20200118220000,20200118223000,1800,https://radiko.jp/res/program/DEFAULT_IMAGE/LFR/ngh44iokae.png
藤ヶ谷太輔 Peaceful Days,藤ヶ谷太輔,20200118223000,20200118230000,1800,https://radiko.jp/res/program/DEFAULT_IMAGE/LFR/v335k3387n.png
中居正広 ON & ON AIR,中居正広,20200118230000,20200118233000,1800,https://radiko.jp/res/program/DEFAULT_IMAGE/LFR/7v7nsoqb18.png
オールナイトニッポンサタデースペシャル 大倉くんと高橋くん,大倉忠義(関ジャニ∞)、高橋優,20200118233000,20200119010000,5400,https://radiko.jp/res/program/DEFAULT_IMAGE/LFR/e53nchdoog.png
オードリーのオールナイトニッポン,オードリー(若林正恭/春日俊彰),20200119010000,20200119030000,7200,https://radiko.jp/res/program/DEFAULT_IMAGE/LFR/23veq77mj8.png
伊藤沙莉のオールナイトニッポン0(ZERO),伊藤沙莉,20200119030000,20200119043000,5400,https://radiko.jp/res/program/DEFAULT_IMAGE/LFR/n8ikl0jffq.png
金光教の時間,"",20200119043000,20200119044000,600,https://radiko.jp/res/program/DEFAULT_IMAGE/LFR/backcov343.png
幸福への出発,"",20200119044000,20200119050000,1200,https://radiko.jp/res/program/DEFAULT_IMAGE/LFR/rmgcq9hm9z.png
ひろたみゆ紀のサンデー早起き有楽町 Part1,ひろたみゆ紀,20200119050000,20200119050600,360,https://radiko.jp/res/program/DEFAULT_IMAGE/LFR/xn3c8mqtyc.png
魔法のラジオ,横田美穂,20200119050600,20200119051600,600,https://radiko.jp/res/program/DEFAULT_IMAGE/LFR/ckxehyceg4.png
ひろたみゆ紀のサンデー早起き有楽町 Part2,ひろたみゆ紀,20200119051600,20200119053000,840,https://radiko.jp/res/program/DEFAULT_IMAGE/LFR/xn3c8mqtyc.png
中山秀征の有楽町で逢いまSHOW,中山秀征・石川みゆき,20200119053000,20200119060000,1800,https://radiko.jp/res/program/DEFAULT_IMAGE/LFR/he0o7k6egj.png
ひろたみゆ紀のサンデー早起き有楽町 Part3,ひろたみゆ紀,20200119060000,20200119060400,240,https://radiko.jp/res/program/DEFAULT_IMAGE/LFR/xn3c8mqtyc.png
すくすく育て 子どもの未来健康プロジェクト,自見はなこ、淵澤由樹,20200119060400,20200119061300,540,https://radiko.jp/res/program/DEFAULT_IMAGE/LFR/eoeno3iwmw.png
ひろたみゆ紀のサンデー早起き有楽町 Part4,ひろたみゆ紀,20200119061300,20200119062500,720,https://radiko.jp/res/program/DEFAULT_IMAGE/LFR/xn3c8mqtyc.png
ウィークエンド・ケアタイム 「ひだまりハウス」 ～うつ病・認知症について語ろう～,町亞聖,20200119062500,20200119065400,1740,https://radiko.jp/res/program/DEFAULT_IMAGE/LFR/chrlm57w6s.png
ひろたみゆ紀のサンデー早起き有楽町 Part5,ひろたみゆ紀,20200119065400,20200119070000,360,https://radiko.jp/res/program/DEFAULT_IMAGE/LFR/xn3c8mqtyc.png
イルカのミュージックハーモニー,イルカ,20200119070000,20200119083000,5400,https://radiko.jp/res/program/DEFAULT_IMAGE/LFR/giai99z9vm.png
薬師丸ひろ子　ハート・デリバリー,薬師丸ひろ子,20200119083000,20200119090000,1800,https://radiko.jp/res/program/DEFAULT_IMAGE/LFR/fv7ceibt2n.png
三宅裕司 サンデーヒットパラダイス,三宅裕司、江口ともみ,20200119090000,20200119120000,10800,https://radiko.jp/res/program/DEFAULT_IMAGE/LFR/buyijjxf6c.png
土田晃之 日曜のへそ,土田晃之,20200119120000,20200119134000,6000,https://radiko.jp/res/program/DEFAULT_IMAGE/LFR/37bkohsfbh.png
ENTERTAINMENT NEXT！,南美希子,20200119134000,20200119140000,1200,https://radiko.jp/res/program/DEFAULT_IMAGE/LFR/jtgwbec0os.png
戸田恵子　オトナクオリティ,戸田恵子,20200119140000,20200119143000,1800,https://radiko.jp/res/program/DEFAULT_IMAGE/LFR/qcqai26l55.png
日曜競馬ニッポン,清水久嗣・堀江ゆかり,20200119143000,20200119160000,5400,https://radiko.jp/res/program/DEFAULT_IMAGE/LFR/aarcllfjwj.png
笑福亭鶴瓶　日曜日のそれ,笑福亭鶴瓶,20200119160000,20200119173000,5400,https://radiko.jp/res/program/DEFAULT_IMAGE/LFR/gaih1ddqw8.png
サンドウィッチマンの東北魂,サンドウィッチマン,20200119173000,20200119174000,600,https://radiko.jp/res/program/DEFAULT_IMAGE/LFR/45sbw3qhpk.png
板東英二のプロ野球バンバン伝説,板東英二,20200119174000,20200119180000,1200,https://radiko.jp/res/program/DEFAULT_IMAGE/LFR/qe0nrh187m.png
渡部陽一 明日へ喝！,渡部陽一,20200119180000,20200119185000,3000,https://radiko.jp/res/program/DEFAULT_IMAGE/LFR/ptfcd0e04l.png
有楽町930ステーション,くり万太郎,20200119185000,20200119190000,600,https://radiko.jp/res/program/DEFAULT_IMAGE/LFR/6n823lswon.png
ラジオ・チャリティ・ミュージックソンSP ～With Your Smile～,煙山光紀,20200119190000,20200119200000,3600,https://radiko.jp/res/program/DEFAULT_IMAGE/LFR/x54ac37m5k.png
大石久和のラジオ国土学入門,大石久和、新保友映,20200119200000,20200119203000,1800,https://radiko.jp/res/program/DEFAULT_IMAGE/LFR/vcn0wc8d6e.png
玉城ティナとある世界,玉城ティナ,20200119203000,20200119205000,1200,https://radiko.jp/res/program/DEFAULT_IMAGE/LFR/efdw0ebwjk.png
刀剣乱舞2.5ラジオ,ミュージカル『刀剣乱舞』＆舞台『刀剣乱舞』刀剣男士キャスト,20200119205000,20200119211000,1200,https://radiko.jp/res/program/DEFAULT_IMAGE/LFR/561jnpvpbk.png
MANKAI STAGE『A3!』ラジオ,"",20200119211000,20200119213000,1200,https://radiko.jp/res/program/DEFAULT_IMAGE/LFR/omuqd7l9fc.png
浦井健治のDressing Room,浦井健治,20200119213000,20200119220000,1800,https://radiko.jp/res/program/DEFAULT_IMAGE/LFR/v0qosvtaqp.png
ももいろクローバーＺ　ももクロくらぶxoxo,ももいろクローバーZ,20200119220000,20200119223000,1800,https://radiko.jp/res/program/DEFAULT_IMAGE/LFR/atuwm84djs.png
高橋みなみと朝井リョウ ヨブンのこと,高橋みなみ、朝井リョウ,20200119223000,20200119230000,1800,https://radiko.jp/res/program/DEFAULT_IMAGE/LFR/4117gt2pav.png
#みちょパラ,池田美優,20200119230000,20200119233000,1800,https://radiko.jp/res/program/DEFAULT_IMAGE/LFR/yin41ek2he.png
欅坂46 こちら有楽町星空放送局,メインパーソナリティー尾関梨香(欅坂46),20200119233000,20200120000000,1800,https://radiko.jp/res/program/DEFAULT_IMAGE/LFR/5dzq54c0kp.png
AKB48 2029ラジオ～10年後の君へ,メインパーソナリティ：向井地美音(AKB48グループ総監督)★スペシャルアドバイザー：カズレーザー(メイプル超合金),20200120000000,20200120003000,1800,https://radiko.jp/res/program/DEFAULT_IMAGE/LFR/zstu0mmb6h.png
神田莉緒香のKANDAFUL RADIO,神田莉緒香,20200120003000,20200120005000,1200,https://radiko.jp/res/program/DEFAULT_IMAGE/LFR/cz1g9np6ms.png
週刊 なるほど！ニッポン,立川晴の輔,20200120005000,20200120010000,600,https://radiko.jp/res/program/DEFAULT_IMAGE/LFR/mssr5q86gs.png
max matsuura 仕事が遊びで遊びが仕事,max matsuura,20200120010000,20200120013000,1800,https://radiko.jp/res/program/DEFAULT_IMAGE/LFR/8q9stb8u3v.png
放送休止,"",20200120013000,20200120050000,12600,https://radiko.jp/res/program/DEFAULT_IMAGE/LFR/nx0qe56xro.png
上柳昌彦 あさぼらけ,上柳昌彦,20200120050000,20200120060000,3600,https://radiko.jp/res/program/DEFAULT_IMAGE/LFR/n3iel9n3md.png
飯田浩司のOK! Cozy up! Part1,飯田浩司、新行市佳、須田慎一郎,20200120060000,20200120064300,2580,https://radiko.jp/res/program/DEFAULT_IMAGE/LFR/r2nv8hvsu7.png
あさナビ,黒木瞳、那須正幹,20200120064300,20200120065000,420,https://radiko.jp/res/program/DEFAULT_IMAGE/LFR/3xdhrd3jxs.png
飯田浩司のOK! Cozy up! Part2,飯田浩司、新行市佳、須田慎一郎,20200120065000,20200120073700,2820,https://radiko.jp/res/program/DEFAULT_IMAGE/LFR/r2nv8hvsu7.png
鈴木杏樹のいってらっしゃい,鈴木杏樹,20200120073700,20200120074100,240,https://radiko.jp/res/program/DEFAULT_IMAGE/LFR/mld80k639q.png
飯田浩司のOK! Cozy up! Part3,飯田浩司、新行市佳、須田慎一郎,20200120074100,20200120080000,1140,https://radiko.jp/res/program/DEFAULT_IMAGE/LFR/r2nv8hvsu7.png
垣花正あなたとハッピー！Part1,綾戸智恵、テリー伊藤、ターザン山本（電話）、垣花正、那須恵理子,20200120080000,20200120082500,1500,https://radiko.jp/res/program/DEFAULT_IMAGE/LFR/b4mmdw0bff.png
川井郁子 ハートストリングス,川井郁子,20200120082500,20200120082800,180,https://radiko.jp/res/program/DEFAULT_IMAGE/LFR/vtbthn6wqp.png
垣花正あなたとハッピー！Part2,テリー伊藤、綾戸智恵、ターザン山本（電話）、垣花正、那須恵理子,20200120082800,20200120101200,6240,https://radiko.jp/res/program/DEFAULT_IMAGE/LFR/b4mmdw0bff.png
榊原郁恵のハッピー・ダイアリー,榊原郁恵,20200120101200,20200120101700,300,https://radiko.jp/res/program/DEFAULT_IMAGE/LFR/7wzctw5jdg.png
垣花正あなたとハッピー！Part3,テリー伊藤、綾戸智恵、ターザン山本（電話）、垣花正、那須恵理子,20200120101700,20200120103500,1080,https://radiko.jp/res/program/DEFAULT_IMAGE/LFR/b4mmdw0bff.png
うつみ宮土理のおしゃべりしましょ,うつみ宮土理,20200120103500,20200120104000,300,https://radiko.jp/res/program/DEFAULT_IMAGE/LFR/.t3p5i4kdi.png
垣花正あなたとハッピー！Part4,テリー伊藤、綾戸智恵、ターザン山本（電話）、垣花正、那須恵理子,20200120104000,20200120110000,1200,https://radiko.jp/res/program/DEFAULT_IMAGE/LFR/b4mmdw0bff.png
テレフォン人生相談,"",20200120110000,20200120112000,1200,https://radiko.jp/res/program/DEFAULT_IMAGE/LFR/om67rj2fia.png
垣花正あなたとハッピー！Part5,テリー伊藤、綾戸智恵、ターザン山本、垣花正、那須恵理子,20200120112000,20200120113000,600,https://radiko.jp/res/program/DEFAULT_IMAGE/LFR/b4mmdw0bff.png
高田文夫のラジオビバリー昼ズ,高田文夫、松本明子,20200120113000,20200120130000,5400,https://radiko.jp/res/program/DEFAULT_IMAGE/LFR/o4q1ghzddy.png
DAYS Part1,山口智充・東島衣里　ゲスト：笠原将弘（料理人）,20200120130000,20200120134200,2520,https://radiko.jp/res/program/DEFAULT_IMAGE/LFR/rkl487x1em.png
ニッポンチャレンジドアスリート,"",20200120134200,20200120134800,360,https://radiko.jp/res/program/DEFAULT_IMAGE/LFR/8uaviuuy48.png
DAYS Part2,山口智充・東島衣里　ゲスト：笠原将弘（料理人）,20200120134800,20200120160000,7920,https://radiko.jp/res/program/DEFAULT_IMAGE/LFR/rkl487x1em.png
草野満代 夕暮れWONDER4,ゲスト/石井宏子（温泉ビューティ研究家）、草野満代、松本秀夫,20200120160000,20200120180000,7200,https://radiko.jp/res/program/DEFAULT_IMAGE/LFR/vu28hznnu5.png
ザ・フォーカス Part1,パーソナリティ：森田耕次（ニッポン放送報道部解説委員） アシスタント：増山さやか（ニッポン放送アナウンサー）　コメンテーター：乾正人（産経新聞論説委員長）,20200120180000,20200120183400,2040,https://radiko.jp/res/program/DEFAULT_IMAGE/LFR/whkfuyy08x.png
小島奈津子のおかえりなさい,小島奈津子,20200120183400,20200120183800,240,https://radiko.jp/res/program/DEFAULT_IMAGE/LFR/e5jlh485sq.png
ザ・フォーカス Part2,パーソナリティ：森田耕次（ニッポン放送報道部解説委員） アシスタント：増山さやか（ニッポン放送アナウンサー）　コメンテーター：乾正人（産経新聞論説委員長）,20200120183800,20200120193100,3180,https://radiko.jp/res/program/DEFAULT_IMAGE/LFR/whkfuyy08x.png
女神たちのオリンピック,潮田玲子,20200120193100,20200120193800,420,https://radiko.jp/res/program/DEFAULT_IMAGE/LFR/xm46ufy0qg.png
ザ・フォーカス Part3,パーソナリティ：森田耕次（ニッポン放送報道部解説委員） アシスタント：増山さやか（ニッポン放送アナウンサー）　コメンテーター：乾正人（産経新聞論説委員長）,20200120193800,20200120202000,2520,https://radiko.jp/res/program/DEFAULT_IMAGE/LFR/whkfuyy08x.png
RoseliaのRADIO SHOUT！,Roselia、吉田尚記アナウンサー,20200120202000,20200120205000,1800,https://radiko.jp/res/program/DEFAULT_IMAGE/LFR/u523nh3fpp.png
西川貴教のちょこっとナイトニッポン！,西川貴教,20200120205000,20200120210000,600,https://radiko.jp/res/program/DEFAULT_IMAGE/LFR/edz80qsiqk.png
ことばのチカラ ～成功へのターニングポイント～,金子達仁,20200120210000,20200120213000,1800,https://radiko.jp/res/program/DEFAULT_IMAGE/LFR/hwtu0qtuzc.png
阿部亮のNGO世界一周！,阿部亮<br>ゲスト　アーシャ＝アジアの農民と歩む会<br>代表理事の三浦孝子さん,20200120213000,20200120215000,1200,https://radiko.jp/res/program/DEFAULT_IMAGE/LFR/lfww7hm0jw.png
スポーツ伝説,滝本沙奈,20200120215000,20200120215700,420,https://radiko.jp/res/program/DEFAULT_IMAGE/LFR/skzf9nkyhu.png
看板娘ホッピー・ミーナのHOPPY HAPPY BAR,"",20200120215700,20200120220000,180,https://radiko.jp/res/program/DEFAULT_IMAGE/LFR/knmnlsojft.png
オールナイトニッポン MUSIC10,森山良子,20200120220000,20200121000000,7200,https://radiko.jp/res/program/DEFAULT_IMAGE/LFR/vxf81s684f.png
ミューコミプラス,吉田尚記（ニッポン放送アナウンサー）,20200121000000,20200121005800,3480,https://radiko.jp/res/program/DEFAULT_IMAGE/LFR/obvrjzqr4f.png
ミュージック・パーティー,熊谷実帆（ニッポン放送アナウンサー）,20200121005800,20200121010000,120,https://radiko.jp/res/program/DEFAULT_IMAGE/LFR/mqwvwfi835.png
菅田将暉のオールナイトニッポン,菅田将暉,20200121010000,20200121030000,7200,https://radiko.jp/res/program/DEFAULT_IMAGE/LFR/4ua2s9eu4k.png
伊藤健太郎のオールナイトニッポン0(ZERO),伊藤健太郎,20200121030000,20200121043000,5400,https://radiko.jp/res/program/DEFAULT_IMAGE/LFR/oj5aiospxu.png
上柳昌彦 あさぼらけ,上柳昌彦,20200121043000,20200121050000,1800,https://radiko.jp/res/program/DEFAULT_IMAGE/LFR/n3iel9n3md.png
上柳昌彦 あさぼらけ,上柳昌彦,20200121050000,20200121060000,3600,https://radiko.jp/res/program/DEFAULT_IMAGE/LFR/n3iel9n3md.png
飯田浩司のOK! Cozy up! Part1,飯田浩司、新行市佳、有本香,20200121060000,20200121064300,2580,https://radiko.jp/res/program/DEFAULT_IMAGE/LFR/r2nv8hvsu7.png
あさナビ,黒木瞳、那須正幹,20200121064300,20200121065000,420,https://radiko.jp/res/program/DEFAULT_IMAGE/LFR/3xdhrd3jxs.png
飯田浩司のOK! Cozy up! Part2,飯田浩司、新行市佳、有本香,20200121065000,20200121073700,2820,https://radiko.jp/res/program/DEFAULT_IMAGE/LFR/r2nv8hvsu7.png
鈴木杏樹のいってらっしゃい,鈴木杏樹,20200121073700,20200121074100,240,https://radiko.jp/res/program/DEFAULT_IMAGE/LFR/mld80k639q.png
飯田浩司のOK! Cozy up! Part3,飯田浩司、新行市佳、有本香,20200121074100,20200121080000,1140,https://radiko.jp/res/program/DEFAULT_IMAGE/LFR/r2nv8hvsu7.png
垣花正あなたとハッピー！Part1,垣花正、那須恵理子、中村メイコ,20200121080000,20200121082500,1500,https://radiko.jp/res/program/DEFAULT_IMAGE/LFR/b4mmdw0bff.png
川井郁子 ハートストリングス,川井郁子,20200121082500,20200121082800,180,https://radiko.jp/res/program/DEFAULT_IMAGE/LFR/vtbthn6wqp.png
垣花正あなたとハッピー！Part2,垣花正、那須恵理子、中村メイコ,20200121082800,20200121101200,6240,https://radiko.jp/res/program/DEFAULT_IMAGE/LFR/b4mmdw0bff.png
榊原郁恵のハッピー・ダイアリー,榊原郁恵,20200121101200,20200121101700,300,https://radiko.jp/res/program/DEFAULT_IMAGE/LFR/7wzctw5jdg.png
垣花正あなたとハッピー！Part3,垣花正、那須恵理子、中村メイコ,20200121101700,20200121103500,1080,https://radiko.jp/res/program/DEFAULT_IMAGE/LFR/b4mmdw0bff.png
うつみ宮土理のおしゃべりしましょ,うつみ宮土理,20200121103500,20200121104000,300,https://radiko.jp/res/program/DEFAULT_IMAGE/LFR/.t3p5i4kdi.png
垣花正あなたとハッピー！Part4,垣花正、那須恵理子、中村メイコ,20200121104000,20200121110000,1200,https://radiko.jp/res/program/DEFAULT_IMAGE/LFR/b4mmdw0bff.png
テレフォン人生相談,"",20200121110000,20200121112000,1200,https://radiko.jp/res/program/DEFAULT_IMAGE/LFR/om67rj2fia.png
垣花正あなたとハッピー！Part5,垣花正、那須恵理子、中村メイコ,20200121112000,20200121113000,600,https://radiko.jp/res/program/DEFAULT_IMAGE/LFR/b4mmdw0bff.png
高田文夫のラジオビバリー昼ズ,東貴博、山根千佳,20200121113000,20200121130000,5400,https://radiko.jp/res/program/DEFAULT_IMAGE/LFR/biznh9wf8u.png
DAYS Part1,中川家(剛/礼二)・東島衣里 ゲスト:ミルクボーイ,20200121130000,20200121134200,2520,https://radiko.jp/res/program/DEFAULT_IMAGE/LFR/me6x0lwpw1.png
ニッポンチャレンジドアスリート,"",20200121134200,20200121134800,360,https://radiko.jp/res/program/DEFAULT_IMAGE/LFR/8uaviuuy48.png
DAYS Part2,中川家(剛/礼二)・東島衣里 ゲスト:ミルクボーイ,20200121134800,20200121160000,7920,https://radiko.jp/res/program/DEFAULT_IMAGE/LFR/me6x0lwpw1.png
草野満代 夕暮れWONDER4,ゲスト/石井宏子（温泉ビューティ研究家）、吉野達彦（トレーナー、プロレスラー）、草野満代、松本秀夫,20200121160000,20200121180000,7200,https://radiko.jp/res/program/DEFAULT_IMAGE/LFR/vu28hznnu5.png
ザ・フォーカス Part1,パーソナリティ：森田耕次（ニッポン放送報道部解説委員） アシスタント：増山さやか（ニッポン放送アナウンサー） コメンテーター：野村修也（中央大学法科大学院教授）,20200121180000,20200121183400,2040,https://radiko.jp/res/program/DEFAULT_IMAGE/LFR/whkfuyy08x.png
小島奈津子のおかえりなさい,小島奈津子,20200121183400,20200121183800,240,https://radiko.jp/res/program/DEFAULT_IMAGE/LFR/e5jlh485sq.png
ザ・フォーカス Part2,パーソナリティ：森田耕次（ニッポン放送報道部解説委員） アシスタント：増山さやか（ニッポン放送アナウンサー） コメンテーター：野村修也（中央大学法科大学院教授）,20200121183800,20200121193100,3180,https://radiko.jp/res/program/DEFAULT_IMAGE/LFR/whkfuyy08x.png
女神たちのオリンピック,潮田玲子,20200121193100,20200121193800,420,https://radiko.jp/res/program/DEFAULT_IMAGE/LFR/xm46ufy0qg.png
ザ・フォーカス Part3,パーソナリティ：森田耕次（ニッポン放送報道部解説委員） アシスタント：増山さやか（ニッポン放送アナウンサー）　コメンテーター：野村修也（中央大学法科大学院教授）,20200121193800,20200121202000,2520,https://radiko.jp/res/program/DEFAULT_IMAGE/LFR/whkfuyy08x.png
すとぷりのStop Listen!,すとぷり,20200121202000,20200121205000,1800,https://radiko.jp/res/program/DEFAULT_IMAGE/LFR/t8hvgu0um8.png
西川貴教のちょこっとナイトニッポン！,西川貴教,20200121205000,20200121210000,600,https://radiko.jp/res/program/DEFAULT_IMAGE/LFR/edz80qsiqk.png
ソードアート・オンエアー,松岡禎丞、吉田尚記アナウンサー,20200121210000,20200121213000,1800,https://radiko.jp/res/program/DEFAULT_IMAGE/LFR/u9wwpush1o.png
GENERATIONS 小森隼のGood Laugh and Sleep,小森隼 (GENERATIONS from EXILE TRIBE)／ゲスト：相田周二（三四郎）,20200121213000,20200121215000,1200,https://radiko.jp/res/program/DEFAULT_IMAGE/LFR/n210rv3x84.png
スポーツ伝説,滝本沙奈,20200121215000,20200121215700,420,https://radiko.jp/res/program/DEFAULT_IMAGE/LFR/skzf9nkyhu.png
看板娘ホッピー・ミーナのHOPPY HAPPY BAR,"",20200121215700,20200121220000,180,https://radiko.jp/res/program/DEFAULT_IMAGE/LFR/knmnlsojft.png
オールナイトニッポン MUSIC10,名取裕子,20200121220000,20200122000000,7200,https://radiko.jp/res/program/DEFAULT_IMAGE/LFR/uxb1pneane.png
ミューコミプラス,吉田尚記（ニッポン放送アナウンサー）ゲスト：D4DJ（根岸愛(Merm4id) 高木美佑(Peaky P-key)） 火曜アシスタント：田所あずさ,20200122000000,20200122005800,3480,https://radiko.jp/res/program/DEFAULT_IMAGE/LFR/obvrjzqr4f.png
ミュージック・パーティー,熊谷実帆（ニッポン放送アナウンサー）,20200122005800,20200122010000,120,https://radiko.jp/res/program/DEFAULT_IMAGE/LFR/mqwvwfi835.png
星野源のオールナイトニッポン,星野源,20200122010000,20200122030000,7200,https://radiko.jp/res/program/DEFAULT_IMAGE/LFR/f6drj3etr9.png
Creepy Nutsのオールナイトニッポン0(ZERO),Creepy Nuts（R-指定、DJ松永）,20200122030000,20200122043000,5400,https://radiko.jp/res/program/DEFAULT_IMAGE/LFR/saf5w1hxik.png
上柳昌彦 あさぼらけ,上柳昌彦,20200122043000,20200122050000,1800,https://radiko.jp/res/program/DEFAULT_IMAGE/LFR/n3iel9n3md.png
上柳昌彦 あさぼらけ,上柳昌彦,20200122050000,20200122060000,3600,https://radiko.jp/res/program/DEFAULT_IMAGE/LFR/n3iel9n3md.png
飯田浩司のOK! Cozy up! Part1,飯田浩司、新行市佳、高橋洋一,20200122060000,20200122064300,2580,https://radiko.jp/res/program/DEFAULT_IMAGE/LFR/r2nv8hvsu7.png
あさナビ,黒木瞳、那須正幹,20200122064300,20200122065000,420,https://radiko.jp/res/program/DEFAULT_IMAGE/LFR/3xdhrd3jxs.png
飯田浩司のOK! Cozy up! Part2,飯田浩司、新行市佳、高橋洋一,20200122065000,20200122073700,2820,https://radiko.jp/res/program/DEFAULT_IMAGE/LFR/r2nv8hvsu7.png
鈴木杏樹のいってらっしゃい,鈴木杏樹,20200122073700,20200122074100,240,https://radiko.jp/res/program/DEFAULT_IMAGE/LFR/mld80k639q.png
飯田浩司のOK! Cozy up! Part3,飯田浩司、新行市佳、高橋洋一,20200122074100,20200122080000,1140,https://radiko.jp/res/program/DEFAULT_IMAGE/LFR/r2nv8hvsu7.png
垣花正あなたとハッピー！Part1,垣花正、那須恵理子,20200122080000,20200122082500,1500,https://radiko.jp/res/program/DEFAULT_IMAGE/LFR/b4mmdw0bff.png
川井郁子 ハートストリングス,川井郁子,20200122082500,20200122082800,180,https://radiko.jp/res/program/DEFAULT_IMAGE/LFR/vtbthn6wqp.png
垣花正あなたとハッピー！Part2,垣花正、那須恵理子,20200122082800,20200122101200,6240,https://radiko.jp/res/program/DEFAULT_IMAGE/LFR/b4mmdw0bff.png
榊原郁恵のハッピー・ダイアリー,榊原郁恵,20200122101200,20200122101700,300,https://radiko.jp/res/program/DEFAULT_IMAGE/LFR/7wzctw5jdg.png
垣花正あなたとハッピー！Part3,垣花正、那須恵理子,20200122101700,20200122103500,1080,https://radiko.jp/res/program/DEFAULT_IMAGE/LFR/b4mmdw0bff.png
うつみ宮土理のおしゃべりしましょ,うつみ宮土理,20200122103500,20200122104000,300,https://radiko.jp/res/program/DEFAULT_IMAGE/LFR/.t3p5i4kdi.png
垣花正あなたとハッピー！Part4,垣花正、那須恵理子,20200122104000,20200122110000,1200,https://radiko.jp/res/program/DEFAULT_IMAGE/LFR/b4mmdw0bff.png
テレフォン人生相談,"",20200122110000,20200122112000,1200,https://radiko.jp/res/program/DEFAULT_IMAGE/LFR/om67rj2fia.png
垣花正あなたとハッピー！Part5,垣花正、那須恵理子,20200122112000,20200122113000,600,https://radiko.jp/res/program/DEFAULT_IMAGE/LFR/b4mmdw0bff.png
高田文夫のラジオビバリー昼ズ,春風亭昇太、乾貴美子,20200122113000,20200122130000,5400,https://radiko.jp/res/program/DEFAULT_IMAGE/LFR/8vdto1n5oz.png
DAYS Part1,原田龍二・東島衣里 ゲスト：松本伊代さん,20200122130000,20200122134200,2520,https://radiko.jp/res/program/DEFAULT_IMAGE/LFR/73z5pogic8.png
ニッポンチャレンジドアスリート,"",20200122134200,20200122134800,360,https://radiko.jp/res/program/DEFAULT_IMAGE/LFR/8uaviuuy48.png
DAYS Part2,原田龍二・東島衣里 ゲスト：松本伊代さん,20200122134800,20200122160000,7920,https://radiko.jp/res/program/DEFAULT_IMAGE/LFR/73z5pogic8.png
草野満代 夕暮れWONDER4,ゲスト/石井宏子（温泉ビューティ研究家）、草野満代、松本秀夫,20200122160000,20200122180000,7200,https://radiko.jp/res/program/DEFAULT_IMAGE/LFR/vu28hznnu5.png
ザ・フォーカス Part1,パーソナリティ：森田耕次（ニッポン放送報道部解説委員） アシスタント：増山さやか（ニッポン放送アナウンサー）コメンテーター：小西克哉<br>（国際ジャーナリスト）,20200122180000,20200122183400,2040,https://radiko.jp/res/program/DEFAULT_IMAGE/LFR/whkfuyy08x.png
小島奈津子のおかえりなさい,小島奈津子,20200122183400,20200122183800,240,https://radiko.jp/res/program/DEFAULT_IMAGE/LFR/e5jlh485sq.png
ザ・フォーカス Part2,パーソナリティ：森田耕次（ニッポン放送報道部解説委員） アシスタント：増山さやか（ニッポン放送アナウンサー）コメンテーター：小西克哉<br>（国際ジャーナリスト）,20200122183800,20200122193100,3180,https://radiko.jp/res/program/DEFAULT_IMAGE/LFR/whkfuyy08x.png
女神たちのオリンピック,潮田玲子,20200122193100,20200122193800,420,https://radiko.jp/res/program/DEFAULT_IMAGE/LFR/xm46ufy0qg.png
ザ・フォーカス Part3,パーソナリティ：森田耕次（ニッポン放送報道部解説委員） アシスタント：増山さやか（ニッポン放送アナウンサー）コメンテーター：小西克哉<br>（国際ジャーナリスト）,20200122193800,20200122202000,2520,https://radiko.jp/res/program/DEFAULT_IMAGE/LFR/whkfuyy08x.png
土屋礼央 SOUND RING,土屋礼央 ゲスト：コレサワ,20200122202000,20200122205000,1800,https://radiko.jp/res/program/DEFAULT_IMAGE/LFR/x7l67ee9ea.png
西川貴教のちょこっとナイトニッポン！,西川貴教,20200122205000,20200122210000,600,https://radiko.jp/res/program/DEFAULT_IMAGE/LFR/edz80qsiqk.png
KIREI NOTE Lounge,高橋愛,20200122210000,20200122213000,1800,https://radiko.jp/res/program/DEFAULT_IMAGE/LFR/bnq6tl5xas.png
龍 真咲のMOONLIGHT PARTY,龍 真咲,20200122213000,20200122215000,1200,https://radiko.jp/res/program/DEFAULT_IMAGE/LFR/1uq512cwiq.png
スポーツ伝説,滝本沙奈,20200122215000,20200122215700,420,https://radiko.jp/res/program/DEFAULT_IMAGE/LFR/skzf9nkyhu.png
看板娘ホッピー・ミーナのHOPPY HAPPY BAR,"",20200122215700,20200122220000,180,https://radiko.jp/res/program/DEFAULT_IMAGE/LFR/knmnlsojft.png
オールナイトニッポン MUSIC10,鈴木杏樹,20200122220000,20200123000000,7200,https://radiko.jp/res/program/DEFAULT_IMAGE/LFR/8m6l1js97n.png
ミューコミプラス,吉田尚記（ニッポン放送アナウンサー）　ゲスト：The Floor / 青春高校3年C組,20200123000000,20200123005800,3480,https://radiko.jp/res/program/DEFAULT_IMAGE/LFR/obvrjzqr4f.png
ミュージック・パーティー,熊谷実帆（ニッポン放送アナウンサー）,20200123005800,20200123010000,120,https://radiko.jp/res/program/DEFAULT_IMAGE/LFR/mqwvwfi835.png
乃木坂46のオールナイトニッポン,メインパーソナリティー：新内眞衣（乃木坂46）,20200123010000,20200123030000,7200,https://radiko.jp/res/program/DEFAULT_IMAGE/LFR/sjal7l1pmh.png
佐久間宣行のオールナイトニッポン0(ZERO),佐久間宣行(TV東京・プロデューサー)/頓知気さきな/持田優奈/齋藤有紗(青春高校3年C組アイドル部),20200123030000,20200123043000,5400,https://radiko.jp/res/program/DEFAULT_IMAGE/LFR/vx5gy6bfhf.png
上柳昌彦 あさぼらけ,上柳昌彦,20200123043000,20200123050000,1800,https://radiko.jp/res/program/DEFAULT_IMAGE/LFR/n3iel9n3md.png
上柳昌彦 あさぼらけ,上柳昌彦,20200123050000,20200123060000,3600,https://radiko.jp/res/program/DEFAULT_IMAGE/LFR/n3iel9n3md.png
飯田浩司のOK! Cozy up! Part1,飯田浩司、新行市佳、鈴木哲夫,20200123060000,20200123064300,2580,https://radiko.jp/res/program/DEFAULT_IMAGE/LFR/r2nv8hvsu7.png
あさナビ,黒木瞳、那須正幹,20200123064300,20200123065000,420,https://radiko.jp/res/program/DEFAULT_IMAGE/LFR/3xdhrd3jxs.png
飯田浩司のOK! Cozy up! Part2,飯田浩司、新行市佳、鈴木哲夫,20200123065000,20200123073700,2820,https://radiko.jp/res/program/DEFAULT_IMAGE/LFR/r2nv8hvsu7.png
鈴木杏樹のいってらっしゃい,鈴木杏樹,20200123073700,20200123074100,240,https://radiko.jp/res/program/DEFAULT_IMAGE/LFR/mld80k639q.png
飯田浩司のOK! Cozy up! Part3,飯田浩司、新行市佳、鈴木哲夫,20200123074100,20200123080000,1140,https://radiko.jp/res/program/DEFAULT_IMAGE/LFR/r2nv8hvsu7.png
垣花正あなたとハッピー！Part1,垣花正、那須恵理子、中瀬ゆかり,20200123080000,20200123082500,1500,https://radiko.jp/res/program/DEFAULT_IMAGE/LFR/b4mmdw0bff.png
川井郁子 ハートストリングス,川井郁子,20200123082500,20200123082800,180,https://radiko.jp/res/program/DEFAULT_IMAGE/LFR/vtbthn6wqp.png
垣花正あなたとハッピー！Part2,垣花正、那須恵理子、中瀬ゆかり,20200123082800,20200123101200,6240,https://radiko.jp/res/program/DEFAULT_IMAGE/LFR/b4mmdw0bff.png
榊原郁恵のハッピー・ダイアリー,榊原郁恵,20200123101200,20200123101700,300,https://radiko.jp/res/program/DEFAULT_IMAGE/LFR/7wzctw5jdg.png
垣花正あなたとハッピー！Part3,垣花正、那須恵理子,20200123101700,20200123103500,1080,https://radiko.jp/res/program/DEFAULT_IMAGE/LFR/b4mmdw0bff.png
うつみ宮土理のおしゃべりしましょ,うつみ宮土理,20200123103500,20200123104000,300,https://radiko.jp/res/program/DEFAULT_IMAGE/LFR/.t3p5i4kdi.png
垣花正あなたとハッピー！Part4,垣花正、那須恵理子,20200123104000,20200123110000,1200,https://radiko.jp/res/program/DEFAULT_IMAGE/LFR/b4mmdw0bff.png
テレフォン人生相談,"",20200123110000,20200123112000,1200,https://radiko.jp/res/program/DEFAULT_IMAGE/LFR/om67rj2fia.png
垣花正あなたとハッピー！Part5,垣花正、那須恵理子,20200123112000,20200123113000,600,https://radiko.jp/res/program/DEFAULT_IMAGE/LFR/b4mmdw0bff.png
高田文夫のラジオビバリー昼ズ,清水ミチコ、ナイツ（塙宣之・土屋伸之）,20200123113000,20200123130000,5400,https://radiko.jp/res/program/DEFAULT_IMAGE/LFR/lt6faj1fp9.png
DAYS Part1,安東弘樹・東島衣里　ゲスト：,20200123130000,20200123134200,2520,https://radiko.jp/res/program/DEFAULT_IMAGE/LFR/9r6k6tq84i.png
ニッポンチャレンジドアスリート,"",20200123134200,20200123134800,360,https://radiko.jp/res/program/DEFAULT_IMAGE/LFR/8uaviuuy48.png
DAYS Part2,安東弘樹、東島衣里　ゲスト：wacci,20200123134800,20200123160000,7920,https://radiko.jp/res/program/DEFAULT_IMAGE/LFR/9r6k6tq84i.png
草野満代 夕暮れWONDER4,ゲスト/石井宏子（温泉ビューティ研究家）、草野満代、松本秀夫,20200123160000,20200123180000,7200,https://radiko.jp/res/program/DEFAULT_IMAGE/LFR/vu28hznnu5.png
ザ・フォーカス Part1,パーソナリティ：森田耕次（ニッポン放送報道部解説委員） アシスタント：増山さやか（ニッポン放送アナウンサー）　コメンテーター：富坂聰（拓殖大学教授）,20200123180000,20200123183400,2040,https://radiko.jp/res/program/DEFAULT_IMAGE/LFR/whkfuyy08x.png
小島奈津子のおかえりなさい,小島奈津子,20200123183400,20200123183800,240,https://radiko.jp/res/program/DEFAULT_IMAGE/LFR/e5jlh485sq.png
ザ・フォーカス Part2,パーソナリティ：森田耕次（ニッポン放送報道部解説委員） アシスタント：増山さやか（ニッポン放送アナウンサー）　コメンテーター：富坂聰（拓殖大学教授）,20200123183800,20200123193100,3180,https://radiko.jp/res/program/DEFAULT_IMAGE/LFR/whkfuyy08x.png
女神たちのオリンピック,潮田玲子,20200123193100,20200123193800,420,https://radiko.jp/res/program/DEFAULT_IMAGE/LFR/xm46ufy0qg.png
ザ・フォーカス Part3,パーソナリティ：森田耕次（ニッポン放送報道部解説委員） アシスタント：増山さやか（ニッポン放送アナウンサー）　コメンテーター：富坂聰（拓殖大学教授）,20200123193800,20200123202000,2520,https://radiko.jp/res/program/DEFAULT_IMAGE/LFR/whkfuyy08x.png
ラジオ新大陸,三浦崇宏,20200123202000,20200123205000,1800,https://radiko.jp/res/program/DEFAULT_IMAGE/LFR/nbon95rrab.png
西川貴教のちょこっとナイトニッポン！,西川貴教,20200123205000,20200123210000,600,https://radiko.jp/res/program/DEFAULT_IMAGE/LFR/edz80qsiqk.png
銀シャリのほくほくマネーラジオ,銀シャリ（鰻和弘、橋本直）,20200123210000,20200123213000,1800,https://radiko.jp/res/program/DEFAULT_IMAGE/LFR/j55xu1kzf7.png
政井マヤ 世界ぐるっとカフェトーク,政井マヤ・為末大,20200123213000,20200123215000,1200,https://radiko.jp/res/program/DEFAULT_IMAGE/LFR/vui01b7tis.png
スポーツ伝説,滝本沙奈,20200123215000,20200123215700,420,https://radiko.jp/res/program/DEFAULT_IMAGE/LFR/skzf9nkyhu.png
看板娘ホッピー・ミーナのHOPPY HAPPY BAR,"",20200123215700,20200123220000,180,https://radiko.jp/res/program/DEFAULT_IMAGE/LFR/knmnlsojft.png
オールナイトニッポン MUSIC10,渡辺満里奈,20200123220000,20200124000000,7200,https://radiko.jp/res/program/DEFAULT_IMAGE/LFR/xcwmxs4m52.png
ミューコミプラス,吉田尚記（ニッポン放送アナウンサー） ゲスト：田野アサミ,20200124000000,20200124005800,3480,https://radiko.jp/res/program/DEFAULT_IMAGE/LFR/obvrjzqr4f.png
ミュージック・パーティー,熊谷実帆（ニッポン放送アナウンサー）,20200124005800,20200124010000,120,https://radiko.jp/res/program/DEFAULT_IMAGE/LFR/mqwvwfi835.png
ナインティナイン岡村隆史のオールナイトニッポン,岡村隆史(ナインティナイン),20200124010000,20200124030000,7200,https://radiko.jp/res/program/DEFAULT_IMAGE/LFR/c62177fvkg.png
King Gnu井口理のオールナイトニッポン0(ZERO),井口理（King Gnu）,20200124030000,20200124043000,5400,https://radiko.jp/res/program/DEFAULT_IMAGE/LFR/66d1w4x7wg.png
上柳昌彦 あさぼらけ,上柳昌彦,20200124043000,20200124050000,1800,https://radiko.jp/res/program/DEFAULT_IMAGE/LFR/n3iel9n3md.png
上柳昌彦 あさぼらけ,上柳昌彦,20200124050000,20200124060000,3600,https://radiko.jp/res/program/DEFAULT_IMAGE/LFR/n3iel9n3md.png
飯田浩司のOK! Cozy up! Part1,飯田浩司、新行市佳、宮家邦彦,20200124060000,20200124064300,2580,https://radiko.jp/res/program/DEFAULT_IMAGE/LFR/r2nv8hvsu7.png
あさナビ,黒木瞳、那須正幹,20200124064300,20200124065000,420,https://radiko.jp/res/program/DEFAULT_IMAGE/LFR/3xdhrd3jxs.png
飯田浩司のOK! Cozy up! Part2,飯田浩司、新行市佳、宮家邦彦,20200124065000,20200124073700,2820,https://radiko.jp/res/program/DEFAULT_IMAGE/LFR/r2nv8hvsu7.png
鈴木杏樹のいってらっしゃい,鈴木杏樹,20200124073700,20200124074100,240,https://radiko.jp/res/program/DEFAULT_IMAGE/LFR/mld80k639q.png
飯田浩司のOK! Cozy up! Part3,飯田浩司、新行市佳、宮家邦彦,20200124074100,20200124080000,1140,https://radiko.jp/res/program/DEFAULT_IMAGE/LFR/r2nv8hvsu7.png
春風亭一之輔あなたとハッピー！Part1,春風亭一之輔、増山さやか,20200124080000,20200124082500,1500,https://radiko.jp/res/program/DEFAULT_IMAGE/LFR/n1aqydnghj.png
川井郁子 ハートストリングス,川井郁子,20200124082500,20200124082800,180,https://radiko.jp/res/program/DEFAULT_IMAGE/LFR/vtbthn6wqp.png
春風亭一之輔あなたとハッピー！Part2,春風亭一之輔、増山さやか,20200124082800,20200124101200,6240,https://radiko.jp/res/program/DEFAULT_IMAGE/LFR/n1aqydnghj.png
榊原郁恵のハッピー・ダイアリー,榊原郁恵,20200124101200,20200124101700,300,https://radiko.jp/res/program/DEFAULT_IMAGE/LFR/7wzctw5jdg.png
春風亭一之輔あなたとハッピー！Part3,春風亭一之輔、増山さやか,20200124101700,20200124103500,1080,https://radiko.jp/res/program/DEFAULT_IMAGE/LFR/n1aqydnghj.png
うつみ宮土理のおしゃべりしましょ,うつみ宮土理,20200124103500,20200124104000,300,https://radiko.jp/res/program/DEFAULT_IMAGE/LFR/.t3p5i4kdi.png
春風亭一之輔あなたとハッピー！Part4,春風亭一之輔、増山さやか,20200124104000,20200124110000,1200,https://radiko.jp/res/program/DEFAULT_IMAGE/LFR/n1aqydnghj.png
テレフォン人生相談,"",20200124110000,20200124112000,1200,https://radiko.jp/res/program/DEFAULT_IMAGE/LFR/om67rj2fia.png
春風亭一之輔あなたとハッピー！Part5,春風亭一之輔、増山さやか,20200124112000,20200124113000,600,https://radiko.jp/res/program/DEFAULT_IMAGE/LFR/n1aqydnghj.png
高田文夫のラジオビバリー昼ズ,高田文夫、松村邦洋、磯山さやか,20200124113000,20200124130000,5400,https://radiko.jp/res/program/DEFAULT_IMAGE/LFR/p48o6nty47.png
大橋未歩 金曜ブラボー Part1,大橋未歩,20200124130000,20200124134200,2520,https://radiko.jp/res/program/DEFAULT_IMAGE/LFR/ox32t54jqg.png
ニッポンチャレンジドアスリート,"",20200124134200,20200124134800,360,https://radiko.jp/res/program/DEFAULT_IMAGE/LFR/8uaviuuy48.png
大橋未歩 金曜ブラボー Part2,大橋未歩,20200124134800,20200124150000,4320,https://radiko.jp/res/program/DEFAULT_IMAGE/LFR/ox32t54jqg.png
大橋未歩 金曜ブラボー Part3,大橋未歩,20200124150000,20200124172000,8400,https://radiko.jp/res/program/DEFAULT_IMAGE/LFR/ox32t54jqg.png
河北麻友子のマユコレ！,河北麻友子、ゲスト：宮本茉由,20200124172000,20200124174000,1200,https://radiko.jp/res/program/DEFAULT_IMAGE/LFR/qs24zfw1bi.png
ザ・フォーカス～フライデースペシャル Part1,パーソナリティ：垣花正（フリーアナウンサー）　コメンテーター：江本孟紀（ショウアップナイター解説者）,20200124174000,20200124183400,3240,https://radiko.jp/res/program/DEFAULT_IMAGE/LFR/81ah52cmqj.png
小島奈津子のおかえりなさい,小島奈津子,20200124183400,20200124183800,240,https://radiko.jp/res/program/DEFAULT_IMAGE/LFR/e5jlh485sq.png
ザ・フォーカス～フライデースペシャル Part2,パーソナリティ：垣花正（フリーアナウンサー）　コメンテーター：江本孟紀（ショウアップナイター解説者）,20200124183800,20200124193100,3180,https://radiko.jp/res/program/DEFAULT_IMAGE/LFR/81ah52cmqj.png
女神たちのオリンピック,潮田玲子,20200124193100,20200124193800,420,https://radiko.jp/res/program/DEFAULT_IMAGE/LFR/xm46ufy0qg.png
ザ・フォーカス～フライデースペシャル Part3,パーソナリティ：垣花正（フリーアナウンサー）　コメンテーター：江本孟紀（ショウアップナイター解説者）,20200124193800,20200124202000,2520,https://radiko.jp/res/program/DEFAULT_IMAGE/LFR/81ah52cmqj.png
dreamBoatのラジオボート,dreamBoat（風男塾、ael-アエル-、EUPHORIA）,20200124202000,20200124203000,600,https://radiko.jp/res/program/DEFAULT_IMAGE/LFR/6m1rb1yafl.png
ガクのネ「戦國ロックラジオ　天歌奏論」,冨田明宏、水島精二　ゲスト：三木眞一郎,20200124203000,20200124205000,1200,https://radiko.jp/res/program/DEFAULT_IMAGE/LFR/gqn7udpvus.png
西川貴教のちょこっとナイトニッポン！,西川貴教,20200124205000,20200124210000,600,https://radiko.jp/res/program/DEFAULT_IMAGE/LFR/edz80qsiqk.png
劇団EXILEのREPROFILE,劇団EXILE:小野塚勇人＆八木将康、アシスタント：荘口彰久,20200124210000,20200124213000,1800,https://radiko.jp/res/program/DEFAULT_IMAGE/LFR/y9p2de8ueu.png
OBP☆ただいま進化中！,OBP,20200124213000,20200124215000,1200,https://radiko.jp/res/program/DEFAULT_IMAGE/LFR/so8tm91loa.png
スポーツ伝説,滝本沙奈,20200124215000,20200124215700,420,https://radiko.jp/res/program/DEFAULT_IMAGE/LFR/skzf9nkyhu.png
看板娘ホッピー・ミーナのHOPPY HAPPY BAR,"",20200124215700,20200124220000,180,https://radiko.jp/res/program/DEFAULT_IMAGE/LFR/knmnlsojft.png
松任谷由実のオールナイトニッポンGOLD,松任谷由実、山路徹,20200124220000,20200125000000,7200,https://radiko.jp/res/program/DEFAULT_IMAGE/LFR/1qsiegmmub.png
三代目 J SOUL BROTHERS 山下健二郎のZERO BASE,三代目 J SOUL BROTHERS 山下健二郎,20200125000000,20200125010000,3600,https://radiko.jp/res/program/DEFAULT_IMAGE/LFR/p20dc0crvc.png
三四郎のオールナイトニッポン,三四郎(小宮浩信/相田周二),20200125010000,20200125030000,7200,https://radiko.jp/res/program/DEFAULT_IMAGE/LFR/n7xsgmi06k.png
霜降り明星のオールナイトニッポン0(ZERO),霜降り明星(せいや/粗品),20200125030000,20200125050000,7200,https://radiko.jp/res/program/DEFAULT_IMAGE/LFR/wd7gsj7tat.png
徳光和夫　とくモリ！歌謡サタデー,徳光和夫、石川みゆき、ゲスト：菅井友香（欅坂４６）インタビュー,20200125050000,20200125074000,9600,https://radiko.jp/res/program/DEFAULT_IMAGE/LFR/o700d5xfvj.png
おしゃべりラボ～しあわせSocial Design～,中村陽一（立教大学社会デザイン研究所 所長）、残間里江子（プロデューサー）,20200125074000,20200125080000,1200,https://radiko.jp/res/program/DEFAULT_IMAGE/LFR/e2rsvd62nn.png
Music Machine GO! GO!☆,小林克也,20200125080000,20200125083000,1800,https://radiko.jp/res/program/DEFAULT_IMAGE/LFR/nc4c54o1h8.png
LOVE & MELODY,乾貴美子／ゲスト：森野熊八（料理人）,20200125083000,20200125105000,8400,https://radiko.jp/res/program/DEFAULT_IMAGE/LFR/.wte3sudbn.png
キャイーンの家電ソムリエ,キャイーン,20200125105000,20200125110000,600,https://radiko.jp/res/program/DEFAULT_IMAGE/LFR/vz07dtgfls.png
ゴッドアフタヌーンアッコのいいかげんに1000回,和田アキ子、垣花正,20200125110000,20200125130000,7200,https://radiko.jp/res/program/DEFAULT_IMAGE/LFR/n5vntfprtn.png
サタデーミュージックバトル 天野ひろゆき ルート930 Part1,天野ひろゆき,20200125130000,20200125150000,7200,https://radiko.jp/res/program/DEFAULT_IMAGE/LFR/tfzi38m1wd.png
サタデーミュージックバトル 天野ひろゆき ルート930 Part2,天野ひろゆき,20200125150000,20200125163000,5400,https://radiko.jp/res/program/DEFAULT_IMAGE/LFR/tfzi38m1wd.png
渡邉美樹 5年後の夢を語ろう！,渡邉美樹,20200125163000,20200125170000,1800,https://radiko.jp/res/program/DEFAULT_IMAGE/LFR/k7105no9cq.png
さまぁ～ず三村マサカズと小島瑠璃子の「みむこじラジオ！」,さまぁ～ず三村マサカズ、小島瑠璃子,20200125170000,20200125173000,1800,https://radiko.jp/res/program/DEFAULT_IMAGE/LFR/hf9b876pt2.png
有楽町930ステーション,"",20200125173000,20200125174000,600,https://radiko.jp/res/program/DEFAULT_IMAGE/LFR/wo7fpt57u7.png
NOKKOのオカエリ ただいま。,NOKKO,20200125174000,20200125180000,1200,https://radiko.jp/res/program/DEFAULT_IMAGE/LFR/gvls0xamxs.png
やじうまサタデー よっ！たかしま屋！,高嶋ひでたけ,20200125180000,20200125190000,3600,https://radiko.jp/res/program/DEFAULT_IMAGE/LFR/blpjaptre9.png
Kis-My-Ft2のオールナイトニッポンPremium,Kis-My-Ft2,20200125190000,20200125210000,7200,https://radiko.jp/res/program/DEFAULT_IMAGE/LFR/ysu61fu8wq.png
KEN RADIO,　,20200125210000,20200125213000,1800,https://radiko.jp/res/program/DEFAULT_IMAGE/LFR/41wkhx7wgq.png
山崎育三郎のI AM 1936,山崎育三郎,20200125213000,20200125220000,1800,https://radiko.jp/res/program/DEFAULT_IMAGE/LFR/ncwkve5bd3.png
鈴木亮平 Going Up,鈴木亮平,20200125220000,20200125223000,1800,https://radiko.jp/res/program/DEFAULT_IMAGE/LFR/ngh44iokae.png
藤ヶ谷太輔 Peaceful Days,藤ヶ谷太輔,20200125223000,20200125230000,1800,https://radiko.jp/res/program/DEFAULT_IMAGE/LFR/v335k3387n.png
中居正広 ON & ON AIR,中居正広,20200125230000,20200125233000,1800,https://radiko.jp/res/program/DEFAULT_IMAGE/LFR/7v7nsoqb18.png
オールナイトニッポンサタデースペシャル 大倉くんと高橋くん,大倉忠義(関ジャニ∞)、高橋優,20200125233000,20200126010000,5400,https://radiko.jp/res/program/DEFAULT_IMAGE/LFR/e53nchdoog.png
オードリーのオールナイトニッポン,オードリー(若林正恭/春日俊彰),20200126010000,20200126030000,7200,https://radiko.jp/res/program/DEFAULT_IMAGE/LFR/23veq77mj8.png
赤もみじのオールナイトニッポン0(ZERO),赤もみじ（村田大樹、阪田ベーカリー）,20200126030000,20200126043000,5400,https://radiko.jp/res/program/DEFAULT_IMAGE/LFR/igyxtk8gw2.png
金光教の時間,"",20200126043000,20200126044000,600,https://radiko.jp/res/program/DEFAULT_IMAGE/LFR/backcov343.png
幸福への出発,"",20200126044000,20200126050000,1200,https://radiko.jp/res/program/DEFAULT_IMAGE/LFR/rmgcq9hm9z.png
ひろたみゆ紀のサンデー早起き有楽町 Part1,ひろたみゆ紀,20200126050000,20200126050600,360,https://radiko.jp/res/program/DEFAULT_IMAGE/LFR/xn3c8mqtyc.png
魔法のラジオ,横田美穂,20200126050600,20200126051600,600,https://radiko.jp/res/program/DEFAULT_IMAGE/LFR/ckxehyceg4.png
ひろたみゆ紀のサンデー早起き有楽町 Part2,ひろたみゆ紀,20200126051600,20200126053000,840,https://radiko.jp/res/program/DEFAULT_IMAGE/LFR/xn3c8mqtyc.png
中山秀征の有楽町で逢いまSHOW,中山秀征・石川みゆき,20200126053000,20200126060000,1800,https://radiko.jp/res/program/DEFAULT_IMAGE/LFR/he0o7k6egj.png
ひろたみゆ紀のサンデー早起き有楽町 Part3,ひろたみゆ紀,20200126060000,20200126060400,240,https://radiko.jp/res/program/DEFAULT_IMAGE/LFR/xn3c8mqtyc.png
すくすく育て 子どもの未来健康プロジェクト,自見はなこ、淵澤由樹,20200126060400,20200126061300,540,https://radiko.jp/res/program/DEFAULT_IMAGE/LFR/eoeno3iwmw.png
ひろたみゆ紀のサンデー早起き有楽町 Part4,ひろたみゆ紀,20200126061300,20200126062500,720,https://radiko.jp/res/program/DEFAULT_IMAGE/LFR/xn3c8mqtyc.png
ウィークエンド・ケアタイム 「ひだまりハウス」 ～うつ病・認知症について語ろう～,町亞聖,20200126062500,20200126065400,1740,https://radiko.jp/res/program/DEFAULT_IMAGE/LFR/chrlm57w6s.png
ひろたみゆ紀のサンデー早起き有楽町 Part5,ひろたみゆ紀,20200126065400,20200126070000,360,https://radiko.jp/res/program/DEFAULT_IMAGE/LFR/xn3c8mqtyc.png
イルカのミュージックハーモニー,イルカ,20200126070000,20200126083000,5400,https://radiko.jp/res/program/DEFAULT_IMAGE/LFR/giai99z9vm.png
薬師丸ひろ子　ハート・デリバリー,薬師丸ひろ子,20200126083000,20200126090000,1800,https://radiko.jp/res/program/DEFAULT_IMAGE/LFR/fv7ceibt2n.png
三宅裕司 サンデーヒットパラダイス,三宅裕司、江口ともみ,20200126090000,20200126120000,10800,https://radiko.jp/res/program/DEFAULT_IMAGE/LFR/buyijjxf6c.png
土田晃之 日曜のへそ,土田晃之,20200126120000,20200126134000,6000,https://radiko.jp/res/program/DEFAULT_IMAGE/LFR/37bkohsfbh.png
ENTERTAINMENT NEXT！,南美希子,20200126134000,20200126140000,1200,https://radiko.jp/res/program/DEFAULT_IMAGE/LFR/jtgwbec0os.png
戸田恵子　オトナクオリティ,戸田恵子,20200126140000,20200126143000,1800,https://radiko.jp/res/program/DEFAULT_IMAGE/LFR/qcqai26l55.png
日曜競馬ニッポン,清水久嗣・堀江ゆかり,20200126143000,20200126160000,5400,https://radiko.jp/res/program/DEFAULT_IMAGE/LFR/aarcllfjwj.png
笑福亭鶴瓶　日曜日のそれ,笑福亭鶴瓶,20200126160000,20200126173000,5400,https://radiko.jp/res/program/DEFAULT_IMAGE/LFR/gaih1ddqw8.png
サンドウィッチマンの東北魂,サンドウィッチマン,20200126173000,20200126174000,600,https://radiko.jp/res/program/DEFAULT_IMAGE/LFR/45sbw3qhpk.png
板東英二のプロ野球バンバン伝説,板東英二,20200126174000,20200126180000,1200,https://radiko.jp/res/program/DEFAULT_IMAGE/LFR/qe0nrh187m.png
渡部陽一 明日へ喝！,渡部陽一,20200126180000,20200126185000,3000,https://radiko.jp/res/program/DEFAULT_IMAGE/LFR/ptfcd0e04l.png
有楽町930ステーション,くり万太郎,20200126185000,20200126190000,600,https://radiko.jp/res/program/DEFAULT_IMAGE/LFR/6n823lswon.png
令和元年度文化庁芸術祭参加作品　文豪ROCK! 眠らせない読み聴かせ 宮沢賢治編,朗読：秀島史香,20200126190000,20200126200000,3600,https://radiko.jp/res/program/DEFAULT_IMAGE/LFR/n3chbl3rqc.png
大石久和のラジオ国土学入門,大石久和、新保友映,20200126200000,20200126203000,1800,https://radiko.jp/res/program/DEFAULT_IMAGE/LFR/vcn0wc8d6e.png
玉城ティナとある世界,玉城ティナ,20200126203000,20200126205000,1200,https://radiko.jp/res/program/DEFAULT_IMAGE/LFR/efdw0ebwjk.png
刀剣乱舞2.5ラジオ,ミュージカル『刀剣乱舞』＆舞台『刀剣乱舞』刀剣男士キャスト,20200126205000,20200126211000,1200,https://radiko.jp/res/program/DEFAULT_IMAGE/LFR/561jnpvpbk.png
MANKAI STAGE『A3!』ラジオ,"",20200126211000,20200126213000,1200,https://radiko.jp/res/program/DEFAULT_IMAGE/LFR/omuqd7l9fc.png
浦井健治のDressing Room,浦井健治,20200126213000,20200126220000,1800,https://radiko.jp/res/program/DEFAULT_IMAGE/LFR/v0qosvtaqp.png
ももいろクローバーＺ　ももクロくらぶxoxo,ももいろクローバーZ,20200126220000,20200126223000,1800,https://radiko.jp/res/program/DEFAULT_IMAGE/LFR/atuwm84djs.png
高橋みなみと朝井リョウ ヨブンのこと,高橋みなみ、朝井リョウ,20200126223000,20200126230000,1800,https://radiko.jp/res/program/DEFAULT_IMAGE/LFR/4117gt2pav.png
#みちょパラ,池田美優,20200126230000,20200126233000,1800,https://radiko.jp/res/program/DEFAULT_IMAGE/LFR/yin41ek2he.png
欅坂46 こちら有楽町星空放送局,メインパーソナリティー尾関梨香(欅坂46),20200126233000,20200127000000,1800,https://radiko.jp/res/program/DEFAULT_IMAGE/LFR/5dzq54c0kp.png
AKB48 2029ラジオ～10年後の君へ,メインパーソナリティ：向井地美音(AKB48グループ総監督)★スペシャルアドバイザー：カズレーザー(メイプル超合金),20200127000000,20200127003000,1800,https://radiko.jp/res/program/DEFAULT_IMAGE/LFR/zstu0mmb6h.png
神田莉緒香のKANDAFUL RADIO,神田莉緒香,20200127003000,20200127005000,1200,https://radiko.jp/res/program/DEFAULT_IMAGE/LFR/cz1g9np6ms.png
週刊 なるほど！ニッポン,立川晴の輔,20200127005000,20200127010000,600,https://radiko.jp/res/program/DEFAULT_IMAGE/LFR/mssr5q86gs.png
max matsuura 仕事が遊びで遊びが仕事,max matsuura,20200127010000,20200127013000,1800,https://radiko.jp/res/program/DEFAULT_IMAGE/LFR/8q9stb8u3v.png
放送休止,"",20200127013000,20200127050000,12600,https://radiko.jp/res/program/DEFAULT_IMAGE/LFR/nx0qe56xro.png
上柳昌彦 あさぼらけ,上柳昌彦,20200127050000,20200127060000,3600,https://radiko.jp/res/program/DEFAULT_IMAGE/LFR/n3iel9n3md.png
飯田浩司のOK! Cozy up! Part1,飯田浩司、新行市佳、須田慎一郎,20200127060000,20200127064300,2580,https://radiko.jp/res/program/DEFAULT_IMAGE/LFR/r2nv8hvsu7.png
あさナビ,黒木瞳,20200127064300,20200127065000,420,https://radiko.jp/res/program/DEFAULT_IMAGE/LFR/3xdhrd3jxs.png
飯田浩司のOK! Cozy up! Part2,飯田浩司、新行市佳、須田慎一郎,20200127065000,20200127073700,2820,https://radiko.jp/res/program/DEFAULT_IMAGE/LFR/r2nv8hvsu7.png
鈴木杏樹のいってらっしゃい,鈴木杏樹,20200127073700,20200127074100,240,https://radiko.jp/res/program/DEFAULT_IMAGE/LFR/mld80k639q.png
飯田浩司のOK! Cozy up! Part3,飯田浩司、新行市佳、須田慎一郎,20200127074100,20200127080000,1140,https://radiko.jp/res/program/DEFAULT_IMAGE/LFR/r2nv8hvsu7.png
垣花正あなたとハッピー！Part1,垣花正、那須恵理子,20200127080000,20200127082500,1500,https://radiko.jp/res/program/DEFAULT_IMAGE/LFR/b4mmdw0bff.png
川井郁子 ハートストリングス,川井郁子,20200127082500,20200127082800,180,https://radiko.jp/res/program/DEFAULT_IMAGE/LFR/vtbthn6wqp.png
垣花正あなたとハッピー！Part2,垣花正、那須恵理子,20200127082800,20200127101200,6240,https://radiko.jp/res/program/DEFAULT_IMAGE/LFR/b4mmdw0bff.png
榊原郁恵のハッピー・ダイアリー,榊原郁恵,20200127101200,20200127101700,300,https://radiko.jp/res/program/DEFAULT_IMAGE/LFR/7wzctw5jdg.png
垣花正あなたとハッピー！Part3,垣花正、那須恵理子,20200127101700,20200127103500,1080,https://radiko.jp/res/program/DEFAULT_IMAGE/LFR/b4mmdw0bff.png
うつみ宮土理のおしゃべりしましょ,うつみ宮土理,20200127103500,20200127104000,300,https://radiko.jp/res/program/DEFAULT_IMAGE/LFR/.t3p5i4kdi.png
垣花正あなたとハッピー！Part4,垣花正、那須恵理子,20200127104000,20200127110000,1200,https://radiko.jp/res/program/DEFAULT_IMAGE/LFR/b4mmdw0bff.png
テレフォン人生相談,"",20200127110000,20200127112000,1200,https://radiko.jp/res/program/DEFAULT_IMAGE/LFR/om67rj2fia.png
垣花正あなたとハッピー！Part5,垣花正、那須恵理子,20200127112000,20200127113000,600,https://radiko.jp/res/program/DEFAULT_IMAGE/LFR/b4mmdw0bff.png
高田文夫のラジオビバリー昼ズ,高田文夫、松本明子,20200127113000,20200127130000,5400,https://radiko.jp/res/program/DEFAULT_IMAGE/LFR/o4q1ghzddy.png
DAYS Part1,山口智充・東島衣里　ゲスト：,20200127130000,20200127134200,2520,https://radiko.jp/res/program/DEFAULT_IMAGE/LFR/rkl487x1em.png
ニッポンチャレンジドアスリート,"",20200127134200,20200127134800,360,https://radiko.jp/res/program/DEFAULT_IMAGE/LFR/8uaviuuy48.png
DAYS Part2,山口智充・東島衣里　ゲスト：,20200127134800,20200127160000,7920,https://radiko.jp/res/program/DEFAULT_IMAGE/LFR/rkl487x1em.png
草野満代 夕暮れWONDER4,ゲスト/島本美由紀（料理研究家）、草野満代、松本秀夫,20200127160000,20200127180000,7200,https://radiko.jp/res/program/DEFAULT_IMAGE/LFR/vu28hznnu5.png
ザ・フォーカス Part1,パーソナリティ：森田耕次（ニッポン放送報道部解説委員） アシスタント：増山さやか（ニッポン放送アナウンサー）,20200127180000,20200127183400,2040,https://radiko.jp/res/program/DEFAULT_IMAGE/LFR/whkfuyy08x.png
小島奈津子のおかえりなさい,小島奈津子,20200127183400,20200127183800,240,https://radiko.jp/res/program/DEFAULT_IMAGE/LFR/e5jlh485sq.png
ザ・フォーカス Part2,パーソナリティ：森田耕次（ニッポン放送報道部解説委員） アシスタント：増山さやか（ニッポン放送アナウンサー）,20200127183800,20200127193100,3180,https://radiko.jp/res/program/DEFAULT_IMAGE/LFR/whkfuyy08x.png
女神たちのオリンピック,潮田玲子,20200127193100,20200127193800,420,https://radiko.jp/res/program/DEFAULT_IMAGE/LFR/xm46ufy0qg.png
ザ・フォーカス Part3,パーソナリティ：森田耕次（ニッポン放送報道部解説委員） アシスタント：増山さやか（ニッポン放送アナウンサー）,20200127193800,20200127202000,2520,https://radiko.jp/res/program/DEFAULT_IMAGE/LFR/whkfuyy08x.png
RoseliaのRADIO SHOUT！,Roselia、吉田尚記アナウンサー,20200127202000,20200127205000,1800,https://radiko.jp/res/program/DEFAULT_IMAGE/LFR/u523nh3fpp.png
西川貴教のちょこっとナイトニッポン！,西川貴教,20200127205000,20200127210000,600,https://radiko.jp/res/program/DEFAULT_IMAGE/LFR/edz80qsiqk.png
ことばのチカラ ～成功へのターニングポイント～,金子達仁,20200127210000,20200127213000,1800,https://radiko.jp/res/program/DEFAULT_IMAGE/LFR/hwtu0qtuzc.png
阿部亮のNGO世界一周！,阿部亮,20200127213000,20200127215000,1200,https://radiko.jp/res/program/DEFAULT_IMAGE/LFR/lfww7hm0jw.png
スポーツ伝説,滝本沙奈,20200127215000,20200127215700,420,https://radiko.jp/res/program/DEFAULT_IMAGE/LFR/skzf9nkyhu.png
看板娘ホッピー・ミーナのHOPPY HAPPY BAR,"",20200127215700,20200127220000,180,https://radiko.jp/res/program/DEFAULT_IMAGE/LFR/knmnlsojft.png
オールナイトニッポン MUSIC10,森山良子,20200127220000,20200128000000,7200,https://radiko.jp/res/program/DEFAULT_IMAGE/LFR/vxf81s684f.png
ミューコミプラス,吉田尚記（ニッポン放送アナウンサー） ゲスト：しーなちゃん（東京初期衝動）　月曜アシスタント：西井万理那（ZOC）,20200128000000,20200128005800,3480,https://radiko.jp/res/program/DEFAULT_IMAGE/LFR/obvrjzqr4f.png
ミュージック・パーティー,熊谷実帆（ニッポン放送アナウンサー）,20200128005800,20200128010000,120,https://radiko.jp/res/program/DEFAULT_IMAGE/LFR/mqwvwfi835.png
菅田将暉のオールナイトニッポン,菅田将暉,20200128010000,20200128030000,7200,https://radiko.jp/res/program/DEFAULT_IMAGE/LFR/4ua2s9eu4k.png
伊藤健太郎のオールナイトニッポン0(ZERO),伊藤健太郎,20200128030000,20200128043000,5400,https://radiko.jp/res/program/DEFAULT_IMAGE/LFR/oj5aiospxu.png
上柳昌彦 あさぼらけ,上柳昌彦,20200128043000,20200128050000,1800,https://radiko.jp/res/program/DEFAULT_IMAGE/LFR/n3iel9n3md.png
上柳昌彦 あさぼらけ,上柳昌彦,20200128050000,20200128060000,3600,https://radiko.jp/res/program/DEFAULT_IMAGE/LFR/n3iel9n3md.png
飯田浩司のOK! Cozy up! Part1,飯田浩司、新行市佳、長谷川幸洋,20200128060000,20200128064300,2580,https://radiko.jp/res/program/DEFAULT_IMAGE/LFR/r2nv8hvsu7.png
あさナビ,黒木瞳,20200128064300,20200128065000,420,https://radiko.jp/res/program/DEFAULT_IMAGE/LFR/3xdhrd3jxs.png
飯田浩司のOK! Cozy up! Part2,飯田浩司、新行市佳、長谷川幸洋,20200128065000,20200128073700,2820,https://radiko.jp/res/program/DEFAULT_IMAGE/LFR/r2nv8hvsu7.png
鈴木杏樹のいってらっしゃい,鈴木杏樹,20200128073700,20200128074100,240,https://radiko.jp/res/program/DEFAULT_IMAGE/LFR/mld80k639q.png
飯田浩司のOK! Cozy up! Part3,飯田浩司、新行市佳、長谷川幸洋,20200128074100,20200128080000,1140,https://radiko.jp/res/program/DEFAULT_IMAGE/LFR/r2nv8hvsu7.png
垣花正あなたとハッピー！Part1,垣花正、那須恵理子,20200128080000,20200128082500,1500,https://radiko.jp/res/program/DEFAULT_IMAGE/LFR/b4mmdw0bff.png
川井郁子 ハートストリングス,川井郁子,20200128082500,20200128082800,180,https://radiko.jp/res/program/DEFAULT_IMAGE/LFR/vtbthn6wqp.png
垣花正あなたとハッピー！Part2,垣花正、那須恵理子,20200128082800,20200128101200,6240,https://radiko.jp/res/program/DEFAULT_IMAGE/LFR/b4mmdw0bff.png
榊原郁恵のハッピー・ダイアリー,榊原郁恵,20200128101200,20200128101700,300,https://radiko.jp/res/program/DEFAULT_IMAGE/LFR/7wzctw5jdg.png
垣花正あなたとハッピー！Part3,垣花正、那須恵理子,20200128101700,20200128103500,1080,https://radiko.jp/res/program/DEFAULT_IMAGE/LFR/b4mmdw0bff.png
うつみ宮土理のおしゃべりしましょ,うつみ宮土理,20200128103500,20200128104000,300,https://radiko.jp/res/program/DEFAULT_IMAGE/LFR/.t3p5i4kdi.png
垣花正あなたとハッピー！Part4,垣花正、那須恵理子,20200128104000,20200128110000,1200,https://radiko.jp/res/program/DEFAULT_IMAGE/LFR/b4mmdw0bff.png
テレフォン人生相談,"",20200128110000,20200128112000,1200,https://radiko.jp/res/program/DEFAULT_IMAGE/LFR/om67rj2fia.png
垣花正あなたとハッピー！Part5,垣花正、那須恵理子,20200128112000,20200128113000,600,https://radiko.jp/res/program/DEFAULT_IMAGE/LFR/b4mmdw0bff.png
高田文夫のラジオビバリー昼ズ,東貴博、山根千佳,20200128113000,20200128130000,5400,https://radiko.jp/res/program/DEFAULT_IMAGE/LFR/biznh9wf8u.png
DAYS Part1,中川家(剛/礼二)・東島衣里 ゲスト:,20200128130000,20200128134200,2520,https://radiko.jp/res/program/DEFAULT_IMAGE/LFR/me6x0lwpw1.png
ニッポンチャレンジドアスリート,"",20200128134200,20200128134800,360,https://radiko.jp/res/program/DEFAULT_IMAGE/LFR/8uaviuuy48.png
DAYS Part2,中川家(剛/礼二)・東島衣里 ゲスト:,20200128134800,20200128160000,7920,https://radiko.jp/res/program/DEFAULT_IMAGE/LFR/me6x0lwpw1.png
草野満代 夕暮れWONDER4,ゲスト/島本美由紀（料理研究家）、草野満代、松本秀夫,20200128160000,20200128180000,7200,https://radiko.jp/res/program/DEFAULT_IMAGE/LFR/vu28hznnu5.png
ザ・フォーカス Part1,パーソナリティ：森田耕次（ニッポン放送報道部解説委員） アシスタント：増山さやか（ニッポン放送アナウンサー）,20200128180000,20200128183400,2040,https://radiko.jp/res/program/DEFAULT_IMAGE/LFR/whkfuyy08x.png
小島奈津子のおかえりなさい,小島奈津子,20200128183400,20200128183800,240,https://radiko.jp/res/program/DEFAULT_IMAGE/LFR/e5jlh485sq.png
ザ・フォーカス Part2,パーソナリティ：森田耕次（ニッポン放送報道部解説委員） アシスタント：増山さやか（ニッポン放送アナウンサー）,20200128183800,20200128193100,3180,https://radiko.jp/res/program/DEFAULT_IMAGE/LFR/whkfuyy08x.png
女神たちのオリンピック,潮田玲子,20200128193100,20200128193800,420,https://radiko.jp/res/program/DEFAULT_IMAGE/LFR/xm46ufy0qg.png
ザ・フォーカス Part3,パーソナリティ：森田耕次（ニッポン放送報道部解説委員） アシスタント：増山さやか（ニッポン放送アナウンサー）,20200128193800,20200128202000,2520,https://radiko.jp/res/program/DEFAULT_IMAGE/LFR/whkfuyy08x.png
すとぷりのStop Listen!,すとぷり,20200128202000,20200128205000,1800,https://radiko.jp/res/program/DEFAULT_IMAGE/LFR/t8hvgu0um8.png
西川貴教のちょこっとナイトニッポン！,西川貴教,20200128205000,20200128210000,600,https://radiko.jp/res/program/DEFAULT_IMAGE/LFR/edz80qsiqk.png
ソードアート・オンエアー,松岡禎丞、吉田尚記アナウンサー,20200128210000,20200128213000,1800,https://radiko.jp/res/program/DEFAULT_IMAGE/LFR/u9wwpush1o.png
GENERATIONS 小森隼のGood Laugh and Sleep,小森隼 (GENERATIONS from EXILE TRIBE),20200128213000,20200128215000,1200,https://radiko.jp/res/program/DEFAULT_IMAGE/LFR/n210rv3x84.png
スポーツ伝説,滝本沙奈,20200128215000,20200128215700,420,https://radiko.jp/res/program/DEFAULT_IMAGE/LFR/skzf9nkyhu.png
看板娘ホッピー・ミーナのHOPPY HAPPY BAR,"",20200128215700,20200128220000,180,https://radiko.jp/res/program/DEFAULT_IMAGE/LFR/knmnlsojft.png
オールナイトニッポン MUSIC10,名取裕子,20200128220000,20200129000000,7200,https://radiko.jp/res/program/DEFAULT_IMAGE/LFR/uxb1pneane.png
ミューコミプラス,吉田尚記（ニッポン放送アナウンサー）ゲスト：Cy8er（苺りなはむ・小犬丸ぽち・藤城アンナ） 火曜アシスタント：田所あずさ,20200129000000,20200129005800,3480,https://radiko.jp/res/program/DEFAULT_IMAGE/LFR/obvrjzqr4f.png
ミュージック・パーティー,熊谷実帆（ニッポン放送アナウンサー）,20200129005800,20200129010000,120,https://radiko.jp/res/program/DEFAULT_IMAGE/LFR/mqwvwfi835.png
星野源のオールナイトニッポン,星野源,20200129010000,20200129030000,7200,https://radiko.jp/res/program/DEFAULT_IMAGE/LFR/f6drj3etr9.png
Creepy Nutsのオールナイトニッポン0(ZERO),Creepy Nuts（R-指定、DJ松永）,20200129030000,20200129043000,5400,https://radiko.jp/res/program/DEFAULT_IMAGE/LFR/saf5w1hxik.png
上柳昌彦 あさぼらけ,上柳昌彦,20200129043000,20200129050000,1800,https://radiko.jp/res/program/DEFAULT_IMAGE/LFR/n3iel9n3md.png
上柳昌彦 あさぼらけ,上柳昌彦,20200129050000,20200129060000,3600,https://radiko.jp/res/program/DEFAULT_IMAGE/LFR/n3iel9n3md.png
飯田浩司のOK! Cozy up! Part1,飯田浩司、新行市佳、細谷雄一,20200129060000,20200129064300,2580,https://radiko.jp/res/program/DEFAULT_IMAGE/LFR/r2nv8hvsu7.png
あさナビ,黒木瞳,20200129064300,20200129065000,420,https://radiko.jp/res/program/DEFAULT_IMAGE/LFR/3xdhrd3jxs.png
飯田浩司のOK! Cozy up! Part2,飯田浩司、新行市佳、細谷雄一,20200129065000,20200129073700,2820,https://radiko.jp/res/program/DEFAULT_IMAGE/LFR/r2nv8hvsu7.png
鈴木杏樹のいってらっしゃい,鈴木杏樹,20200129073700,20200129074100,240,https://radiko.jp/res/program/DEFAULT_IMAGE/LFR/mld80k639q.png
飯田浩司のOK! Cozy up! Part3,飯田浩司、新行市佳、細谷雄一,20200129074100,20200129080000,1140,https://radiko.jp/res/program/DEFAULT_IMAGE/LFR/r2nv8hvsu7.png
垣花正あなたとハッピー！Part1,垣花正、那須恵理子,20200129080000,20200129082500,1500,https://radiko.jp/res/program/DEFAULT_IMAGE/LFR/b4mmdw0bff.png
川井郁子 ハートストリングス,川井郁子,20200129082500,20200129082800,180,https://radiko.jp/res/program/DEFAULT_IMAGE/LFR/vtbthn6wqp.png
垣花正あなたとハッピー！Part2,垣花正、那須恵理子,20200129082800,20200129101200,6240,https://radiko.jp/res/program/DEFAULT_IMAGE/LFR/b4mmdw0bff.png
榊原郁恵のハッピー・ダイアリー,榊原郁恵,20200129101200,20200129101700,300,https://radiko.jp/res/program/DEFAULT_IMAGE/LFR/7wzctw5jdg.png
垣花正あなたとハッピー！Part3,垣花正、那須恵理子,20200129101700,20200129103500,1080,https://radiko.jp/res/program/DEFAULT_IMAGE/LFR/b4mmdw0bff.png
うつみ宮土理のおしゃべりしましょ,うつみ宮土理,20200129103500,20200129104000,300,https://radiko.jp/res/program/DEFAULT_IMAGE/LFR/.t3p5i4kdi.png
垣花正あなたとハッピー！Part4,垣花正、那須恵理子,20200129104000,20200129110000,1200,https://radiko.jp/res/program/DEFAULT_IMAGE/LFR/b4mmdw0bff.png
テレフォン人生相談,"",20200129110000,20200129112000,1200,https://radiko.jp/res/program/DEFAULT_IMAGE/LFR/om67rj2fia.png
垣花正あなたとハッピー！Part5,垣花正、那須恵理子,20200129112000,20200129113000,600,https://radiko.jp/res/program/DEFAULT_IMAGE/LFR/b4mmdw0bff.png
高田文夫のラジオビバリー昼ズ,春風亭昇太、乾貴美子,20200129113000,20200129130000,5400,https://radiko.jp/res/program/DEFAULT_IMAGE/LFR/8vdto1n5oz.png
DAYS Part1,原田龍二・東島衣里 ゲスト：,20200129130000,20200129134200,2520,https://radiko.jp/res/program/DEFAULT_IMAGE/LFR/73z5pogic8.png
ニッポンチャレンジドアスリート,"",20200129134200,20200129134800,360,https://radiko.jp/res/program/DEFAULT_IMAGE/LFR/8uaviuuy48.png
DAYS Part2,原田龍二・東島衣里 ゲスト：,20200129134800,20200129160000,7920,https://radiko.jp/res/program/DEFAULT_IMAGE/LFR/73z5pogic8.png
草野満代 夕暮れWONDER4,ゲスト：島本美由紀（料理研究家）、草野満代、松本秀夫,20200129160000,20200129180000,7200,https://radiko.jp/res/program/DEFAULT_IMAGE/LFR/vu28hznnu5.png
ザ・フォーカス Part1,パーソナリティ：森田耕次（ニッポン放送報道部解説委員） アシスタント：増山さやか（ニッポン放送アナウンサー）,20200129180000,20200129183400,2040,https://radiko.jp/res/program/DEFAULT_IMAGE/LFR/whkfuyy08x.png
小島奈津子のおかえりなさい,小島奈津子,20200129183400,20200129183800,240,https://radiko.jp/res/program/DEFAULT_IMAGE/LFR/e5jlh485sq.png
ザ・フォーカス Part2,パーソナリティ：森田耕次（ニッポン放送報道部解説委員） アシスタント：増山さやか（ニッポン放送アナウンサー）,20200129183800,20200129193100,3180,https://radiko.jp/res/program/DEFAULT_IMAGE/LFR/whkfuyy08x.png
女神たちのオリンピック,潮田玲子,20200129193100,20200129193800,420,https://radiko.jp/res/program/DEFAULT_IMAGE/LFR/xm46ufy0qg.png
ザ・フォーカス Part3,パーソナリティ：森田耕次（ニッポン放送報道部解説委員） アシスタント：増山さやか（ニッポン放送アナウンサー）,20200129193800,20200129202000,2520,https://radiko.jp/res/program/DEFAULT_IMAGE/LFR/whkfuyy08x.png
土屋礼央 SOUND RING,土屋礼央,20200129202000,20200129205000,1800,https://radiko.jp/res/program/DEFAULT_IMAGE/LFR/x7l67ee9ea.png
西川貴教のちょこっとナイトニッポン！,西川貴教,20200129205000,20200129210000,600,https://radiko.jp/res/program/DEFAULT_IMAGE/LFR/edz80qsiqk.png
KIREI NOTE Lounge,高橋愛,20200129210000,20200129213000,1800,https://radiko.jp/res/program/DEFAULT_IMAGE/LFR/bnq6tl5xas.png
龍 真咲のMOONLIGHT PARTY,龍 真咲,20200129213000,20200129215000,1200,https://radiko.jp/res/program/DEFAULT_IMAGE/LFR/1uq512cwiq.png
スポーツ伝説,滝本沙奈,20200129215000,20200129215700,420,https://radiko.jp/res/program/DEFAULT_IMAGE/LFR/skzf9nkyhu.png
看板娘ホッピー・ミーナのHOPPY HAPPY BAR,"",20200129215700,20200129220000,180,https://radiko.jp/res/program/DEFAULT_IMAGE/LFR/knmnlsojft.png
オールナイトニッポン MUSIC10,鈴木杏樹,20200129220000,20200130000000,7200,https://radiko.jp/res/program/DEFAULT_IMAGE/LFR/8m6l1js97n.png
ミューコミプラス,吉田尚記（ニッポン放送アナウンサー）　ゲスト：Base Ball Bear 小出祐介,20200130000000,20200130005800,3480,https://radiko.jp/res/program/DEFAULT_IMAGE/LFR/obvrjzqr4f.png
ミュージック・パーティー,熊谷実帆（ニッポン放送アナウンサー）,20200130005800,20200130010000,120,https://radiko.jp/res/program/DEFAULT_IMAGE/LFR/mqwvwfi835.png
乃木坂46のオールナイトニッポン,メインパーソナリティー：新内眞衣（乃木坂46）,20200130010000,20200130030000,7200,https://radiko.jp/res/program/DEFAULT_IMAGE/LFR/sjal7l1pmh.png
佐久間宣行のオールナイトニッポン0(ZERO),佐久間宣行(TV東京・プロデューサー),20200130030000,20200130043000,5400,https://radiko.jp/res/program/DEFAULT_IMAGE/LFR/vx5gy6bfhf.png
上柳昌彦 あさぼらけ,上柳昌彦,20200130043000,20200130050000,1800,https://radiko.jp/res/program/DEFAULT_IMAGE/LFR/n3iel9n3md.png
上柳昌彦 あさぼらけ,上柳昌彦,20200130050000,20200130060000,3600,https://radiko.jp/res/program/DEFAULT_IMAGE/LFR/n3iel9n3md.png
飯田浩司のOK! Cozy up! Part1,飯田浩司、新行市佳、飯田泰之,20200130060000,20200130064300,2580,https://radiko.jp/res/program/DEFAULT_IMAGE/LFR/r2nv8hvsu7.png
あさナビ,黒木瞳,20200130064300,20200130065000,420,https://radiko.jp/res/program/DEFAULT_IMAGE/LFR/3xdhrd3jxs.png
飯田浩司のOK! Cozy up! Part2,飯田浩司、新行市佳、飯田泰之,20200130065000,20200130073700,2820,https://radiko.jp/res/program/DEFAULT_IMAGE/LFR/r2nv8hvsu7.png
鈴木杏樹のいってらっしゃい,鈴木杏樹,20200130073700,20200130074100,240,https://radiko.jp/res/program/DEFAULT_IMAGE/LFR/mld80k639q.png
飯田浩司のOK! Cozy up! Part3,飯田浩司、新行市佳、飯田泰之,20200130074100,20200130080000,1140,https://radiko.jp/res/program/DEFAULT_IMAGE/LFR/r2nv8hvsu7.png
垣花正あなたとハッピー！Part1,垣花正、那須恵理子,20200130080000,20200130082500,1500,https://radiko.jp/res/program/DEFAULT_IMAGE/LFR/b4mmdw0bff.png
川井郁子 ハートストリングス,川井郁子,20200130082500,20200130082800,180,https://radiko.jp/res/program/DEFAULT_IMAGE/LFR/vtbthn6wqp.png
垣花正あなたとハッピー！Part2,垣花正、那須恵理子,20200130082800,20200130101200,6240,https://radiko.jp/res/program/DEFAULT_IMAGE/LFR/b4mmdw0bff.png
榊原郁恵のハッピー・ダイアリー,榊原郁恵,20200130101200,20200130101700,300,https://radiko.jp/res/program/DEFAULT_IMAGE/LFR/7wzctw5jdg.png
垣花正あなたとハッピー！Part3,垣花正、那須恵理子,20200130101700,20200130103500,1080,https://radiko.jp/res/program/DEFAULT_IMAGE/LFR/b4mmdw0bff.png
うつみ宮土理のおしゃべりしましょ,うつみ宮土理,20200130103500,20200130104000,300,https://radiko.jp/res/program/DEFAULT_IMAGE/LFR/.t3p5i4kdi.png
垣花正あなたとハッピー！Part4,垣花正、那須恵理子,20200130104000,20200130110000,1200,https://radiko.jp/res/program/DEFAULT_IMAGE/LFR/b4mmdw0bff.png
テレフォン人生相談,"",20200130110000,20200130112000,1200,https://radiko.jp/res/program/DEFAULT_IMAGE/LFR/om67rj2fia.png
垣花正あなたとハッピー！Part5,垣花正、那須恵理子,20200130112000,20200130113000,600,https://radiko.jp/res/program/DEFAULT_IMAGE/LFR/b4mmdw0bff.png
高田文夫のラジオビバリー昼ズ,清水ミチコ、ナイツ（塙宣之・土屋伸之）,20200130113000,20200130130000,5400,https://radiko.jp/res/program/DEFAULT_IMAGE/LFR/lt6faj1fp9.png
DAYS Part1,安東弘樹・東島衣里　ゲスト：,20200130130000,20200130134200,2520,https://radiko.jp/res/program/DEFAULT_IMAGE/LFR/9r6k6tq84i.png
ニッポンチャレンジドアスリート,"",20200130134200,20200130134800,360,https://radiko.jp/res/program/DEFAULT_IMAGE/LFR/8uaviuuy48.png
DAYS Part2,安東弘樹・東島衣里　ゲスト：,20200130134800,20200130160000,7920,https://radiko.jp/res/program/DEFAULT_IMAGE/LFR/9r6k6tq84i.png
草野満代 夕暮れWONDER4,ゲスト/島本美由紀（料理研究家）、草野満代、松本秀夫,20200130160000,20200130180000,7200,https://radiko.jp/res/program/DEFAULT_IMAGE/LFR/vu28hznnu5.png
ザ・フォーカス Part1,パーソナリティ：森田耕次（ニッポン放送報道部解説委員） アシスタント：増山さやか（ニッポン放送アナウンサー）,20200130180000,20200130183400,2040,https://radiko.jp/res/program/DEFAULT_IMAGE/LFR/whkfuyy08x.png
小島奈津子のおかえりなさい,小島奈津子,20200130183400,20200130183800,240,https://radiko.jp/res/program/DEFAULT_IMAGE/LFR/e5jlh485sq.png
ザ・フォーカス Part2,パーソナリティ：森田耕次（ニッポン放送報道部解説委員） アシスタント：増山さやか（ニッポン放送アナウンサー）,20200130183800,20200130193100,3180,https://radiko.jp/res/program/DEFAULT_IMAGE/LFR/whkfuyy08x.png
女神たちのオリンピック,潮田玲子,20200130193100,20200130193800,420,https://radiko.jp/res/program/DEFAULT_IMAGE/LFR/xm46ufy0qg.png
ザ・フォーカス Part3,パーソナリティ：森田耕次（ニッポン放送報道部解説委員） アシスタント：増山さやか（ニッポン放送アナウンサー）,20200130193800,20200130202000,2520,https://radiko.jp/res/program/DEFAULT_IMAGE/LFR/whkfuyy08x.png
ラジオ新大陸,三浦崇宏,20200130202000,20200130205000,1800,https://radiko.jp/res/program/DEFAULT_IMAGE/LFR/nbon95rrab.png
西川貴教のちょこっとナイトニッポン！,西川貴教,20200130205000,20200130210000,600,https://radiko.jp/res/program/DEFAULT_IMAGE/LFR/edz80qsiqk.png
銀シャリのほくほくマネーラジオ,銀シャリ（鰻和弘、橋本直）,20200130210000,20200130213000,1800,https://radiko.jp/res/program/DEFAULT_IMAGE/LFR/j55xu1kzf7.png
政井マヤ 世界ぐるっとカフェトーク,政井マヤ・丸山健太郎,20200130213000,20200130215000,1200,https://radiko.jp/res/program/DEFAULT_IMAGE/LFR/vui01b7tis.png
スポーツ伝説,滝本沙奈,20200130215000,20200130215700,420,https://radiko.jp/res/program/DEFAULT_IMAGE/LFR/skzf9nkyhu.png
看板娘ホッピー・ミーナのHOPPY HAPPY BAR,"",20200130215700,20200130220000,180,https://radiko.jp/res/program/DEFAULT_IMAGE/LFR/knmnlsojft.png
オールナイトニッポン MUSIC10,渡辺満里奈,20200130220000,20200131000000,7200,https://radiko.jp/res/program/DEFAULT_IMAGE/LFR/xcwmxs4m52.png
ミューコミプラス,吉田尚記（ニッポン放送アナウンサー）　ゲスト：東山奈央,20200131000000,20200131005800,3480,https://radiko.jp/res/program/DEFAULT_IMAGE/LFR/obvrjzqr4f.png
ミュージック・パーティー,熊谷実帆（ニッポン放送アナウンサー）,20200131005800,20200131010000,120,https://radiko.jp/res/program/DEFAULT_IMAGE/LFR/mqwvwfi835.png
ナインティナイン岡村隆史のオールナイトニッポン,岡村隆史(ナインティナイン),20200131010000,20200131030000,7200,https://radiko.jp/res/program/DEFAULT_IMAGE/LFR/c62177fvkg.png
King Gnu井口理のオールナイトニッポン0(ZERO),井口理（King Gnu）,20200131030000,20200131043000,5400,https://radiko.jp/res/program/DEFAULT_IMAGE/LFR/66d1w4x7wg.png
上柳昌彦 あさぼらけ,上柳昌彦,20200131043000,20200131050000,1800,https://radiko.jp/res/program/DEFAULT_IMAGE/LFR/n3iel9n3md.png
上柳昌彦 あさぼらけ,上柳昌彦,20200131050000,20200131060000,3600,https://radiko.jp/res/program/DEFAULT_IMAGE/LFR/n3iel9n3md.png
飯田浩司のOK! Cozy up! Part1,飯田浩司、新行市佳、宮家邦彦,20200131060000,20200131064300,2580,https://radiko.jp/res/program/DEFAULT_IMAGE/LFR/r2nv8hvsu7.png
あさナビ,黒木瞳,20200131064300,20200131065000,420,https://radiko.jp/res/program/DEFAULT_IMAGE/LFR/3xdhrd3jxs.png
飯田浩司のOK! Cozy up! Part2,飯田浩司、新行市佳、宮家邦彦,20200131065000,20200131073700,2820,https://radiko.jp/res/program/DEFAULT_IMAGE/LFR/r2nv8hvsu7.png
鈴木杏樹のいってらっしゃい,鈴木杏樹,20200131073700,20200131074100,240,https://radiko.jp/res/program/DEFAULT_IMAGE/LFR/mld80k639q.png
飯田浩司のOK! Cozy up! Part3,飯田浩司、新行市佳、宮家邦彦,20200131074100,20200131080000,1140,https://radiko.jp/res/program/DEFAULT_IMAGE/LFR/r2nv8hvsu7.png
春風亭一之輔あなたとハッピー！Part1,春風亭一之輔、増山さやか,20200131080000,20200131082500,1500,https://radiko.jp/res/program/DEFAULT_IMAGE/LFR/n1aqydnghj.png
川井郁子 ハートストリングス,川井郁子,20200131082500,20200131082800,180,https://radiko.jp/res/program/DEFAULT_IMAGE/LFR/vtbthn6wqp.png
春風亭一之輔あなたとハッピー！Part2,春風亭一之輔、増山さやか,20200131082800,20200131101200,6240,https://radiko.jp/res/program/DEFAULT_IMAGE/LFR/n1aqydnghj.png
榊原郁恵のハッピー・ダイアリー,榊原郁恵,20200131101200,20200131101700,300,https://radiko.jp/res/program/DEFAULT_IMAGE/LFR/7wzctw5jdg.png
春風亭一之輔あなたとハッピー！Part3,春風亭一之輔、増山さやか,20200131101700,20200131103500,1080,https://radiko.jp/res/program/DEFAULT_IMAGE/LFR/n1aqydnghj.png
うつみ宮土理のおしゃべりしましょ,うつみ宮土理,20200131103500,20200131104000,300,https://radiko.jp/res/program/DEFAULT_IMAGE/LFR/.t3p5i4kdi.png
春風亭一之輔あなたとハッピー！Part4,春風亭一之輔、増山さやか,20200131104000,20200131110000,1200,https://radiko.jp/res/program/DEFAULT_IMAGE/LFR/n1aqydnghj.png
テレフォン人生相談,"",20200131110000,20200131112000,1200,https://radiko.jp/res/program/DEFAULT_IMAGE/LFR/om67rj2fia.png
春風亭一之輔あなたとハッピー！Part5,春風亭一之輔、増山さやか,20200131112000,20200131113000,600,https://radiko.jp/res/program/DEFAULT_IMAGE/LFR/n1aqydnghj.png
高田文夫のラジオビバリー昼ズ,高田文夫、松村邦洋、磯山さやか,20200131113000,20200131130000,5400,https://radiko.jp/res/program/DEFAULT_IMAGE/LFR/p48o6nty47.png
大橋未歩 金曜ブラボー Part1,大橋未歩,20200131130000,20200131134200,2520,https://radiko.jp/res/program/DEFAULT_IMAGE/LFR/ox32t54jqg.png
ニッポンチャレンジドアスリート,"",20200131134200,20200131134800,360,https://radiko.jp/res/program/DEFAULT_IMAGE/LFR/8uaviuuy48.png
大橋未歩 金曜ブラボー Part2,大橋未歩,20200131134800,20200131150000,4320,https://radiko.jp/res/program/DEFAULT_IMAGE/LFR/ox32t54jqg.png
大橋未歩 金曜ブラボー Part3,大橋未歩,20200131150000,20200131172000,8400,https://radiko.jp/res/program/DEFAULT_IMAGE/LFR/ox32t54jqg.png
河北麻友子のマユコレ！,河北麻友子,20200131172000,20200131174000,1200,https://radiko.jp/res/program/DEFAULT_IMAGE/LFR/qs24zfw1bi.png
ザ・フォーカス～フライデースペシャル Part1,パーソナリティ：垣花正（フリーアナウンサー）　コメンテーター：江本孟紀（ショウアップナイター解説者）,20200131174000,20200131183400,3240,https://radiko.jp/res/program/DEFAULT_IMAGE/LFR/81ah52cmqj.png
小島奈津子のおかえりなさい,小島奈津子,20200131183400,20200131183800,240,https://radiko.jp/res/program/DEFAULT_IMAGE/LFR/e5jlh485sq.png
ザ・フォーカス～フライデースペシャル Part2,パーソナリティ：垣花正（フリーアナウンサー）　コメンテーター：江本孟紀（ショウアップナイター解説者）,20200131183800,20200131193100,3180,https://radiko.jp/res/program/DEFAULT_IMAGE/LFR/81ah52cmqj.png
女神たちのオリンピック,潮田玲子,20200131193100,20200131193800,420,https://radiko.jp/res/program/DEFAULT_IMAGE/LFR/xm46ufy0qg.png
ザ・フォーカス～フライデースペシャル Part3,パーソナリティ：垣花正（フリーアナウンサー）　コメンテーター：江本孟紀（ショウアップナイター解説者）,20200131193800,20200131202000,2520,https://radiko.jp/res/program/DEFAULT_IMAGE/LFR/81ah52cmqj.png
dreamBoatのラジオボート,dreamBoat（風男塾、ael-アエル-、EUPHORIA）,20200131202000,20200131203000,600,https://radiko.jp/res/program/DEFAULT_IMAGE/LFR/6m1rb1yafl.png
ガクのネ「戦國ロックラジオ　天歌奏論」,冨田明宏、水島精二　ゲスト：,20200131203000,20200131205000,1200,https://radiko.jp/res/program/DEFAULT_IMAGE/LFR/gqn7udpvus.png
西川貴教のちょこっとナイトニッポン！,西川貴教,20200131205000,20200131210000,600,https://radiko.jp/res/program/DEFAULT_IMAGE/LFR/edz80qsiqk.png
劇団EXILEのREPROFILE,劇団EXILE：小野塚勇人＆八木将康、アシスタント：荘口彰久,20200131210000,20200131213000,1800,https://radiko.jp/res/program/DEFAULT_IMAGE/LFR/y9p2de8ueu.png
OBP☆ただいま進化中！,OBP,20200131213000,20200131215000,1200,https://radiko.jp/res/program/DEFAULT_IMAGE/LFR/so8tm91loa.png
スポーツ伝説,滝本沙奈,20200131215000,20200131215700,420,https://radiko.jp/res/program/DEFAULT_IMAGE/LFR/skzf9nkyhu.png
看板娘ホッピー・ミーナのHOPPY HAPPY BAR,"",20200131215700,20200131220000,180,https://radiko.jp/res/program/DEFAULT_IMAGE/LFR/knmnlsojft.png
前澤友作のオールナイトニッポンGOLD,前澤友作,20200131220000,20200201000000,7200,https://radiko.jp/res/program/DEFAULT_IMAGE/LFR/bisynypqcq.png
三代目 J SOUL BROTHERS 山下健二郎のZERO BASE,三代目 J SOUL BROTHERS 山下健二郎,20200201000000,20200201010000,3600,https://radiko.jp/res/program/DEFAULT_IMAGE/LFR/p20dc0crvc.png
三四郎のオールナイトニッポン,三四郎(小宮浩信/相田周二),20200201010000,20200201030000,7200,https://radiko.jp/res/program/DEFAULT_IMAGE/LFR/n7xsgmi06k.png
霜降り明星のオールナイトニッポン0(ZERO),霜降り明星(せいや/粗品),20200201030000,20200201050000,7200,https://radiko.jp/res/program/DEFAULT_IMAGE/LFR/wd7gsj7tat.png
